ID,Posted at,Screen name,Text
1000960859483471873,2018-05-28 04:44:00 +0000,janae_gardner,"RT @KHNooli: Kanye on TMZ: WHAT ABOUT BLACK ON BLACK CRIME IN CHICAGO!!

Rhymefest: Hey can you help out with the charity that i‚Ä¶ https://t.co/Gm1jZ303pC"
1000921397244375040,2018-05-28 02:07:11 +0000,ElsieDuhart,"RT @conradchaffee: Some senators seem unclear about what happened today. 

Senator Gardner (R-CO): ""I hope the North Korean people und‚Ä¶ https://t.co/qbKvRbdN46"
1000884078378287109,2018-05-27 23:38:54 +0000,vicbreeders,"Locally trained by Paul Gardner, 5yo mare ROUGHLY scored yesterday at @AliceTurfClub with jockey Kim Gladwin aboard‚Ä¶ https://t.co/y6aQwcOzuz"
1000713094249766912,2018-05-27 12:19:28 +0000,tbfiii,RT @dogboy05: @LifeSite @DineshDSouza I think Kim Gardner is the kind of prosecutor that likes to subvert the law to get people s‚Ä¶ https://t.co/xzgmEZ399L
1000701476216410112,2018-05-27 11:33:18 +0000,HendryTina,RT @James_vru: @always_hope83 @Graham_Goulden @Keith_Gardner__ @iainmurray11 @karynmccluskey @JohnCarnochan @Keithjack_vru‚Ä¶ https://t.co/41r8UBDVKa
1000701454703788032,2018-05-27 11:33:13 +0000,HendryTina,@James_vru @always_hope83 @Graham_Goulden @Keith_Gardner__ @iainmurray11 @karynmccluskey @JohnCarnochan‚Ä¶ https://t.co/fbaQ23mepb
1000683787695607809,2018-05-27 10:23:01 +0000,James_vru,@always_hope83 @Graham_Goulden @Keith_Gardner__ @iainmurray11 @karynmccluskey @JohnCarnochan @Keithjack_vru‚Ä¶ https://t.co/41r8UBDVKa
1000606665786494976,2018-05-27 05:16:34 +0000,SmokeyBear2018,"RT @magathemaga1: George Soros bought Kim Gardner 

And it was a consensual kinky affair

Sorry champ but facts are facts.

She kept‚Ä¶ https://t.co/DnkUyLNzCP"
1000582910720667649,2018-05-27 03:42:10 +0000,sigi_hill,"RT @YearOfZero: It also doesn‚Äôt mean they were taken. 

This is idiotic. There would be no indictment without Kim Gardner‚Äôs bs. 

A‚Ä¶ https://t.co/HySHTWijtB"
1000575777895780352,2018-05-27 03:13:49 +0000,milton_gardner_,"RT @cedfunches: Marvel: 'Infinity War is the most ambitious crossover event in history'

Me: 'Kanye. Drake. Pusha T. Rhymefest. Kim‚Ä¶ https://t.co/nME7JsCBlV"
1000524292457746432,2018-05-26 23:49:14 +0000,Neilin1Neil,"RT @YearOfZero: It also doesn‚Äôt mean they were taken. 

This is idiotic. There would be no indictment without Kim Gardner‚Äôs bs. 

A‚Ä¶ https://t.co/HySHTWijtB"
1000522064598523904,2018-05-26 23:40:23 +0000,Rik_Gardner,"As a slightly nerdy Aussie white guy, it‚Äôs alarming how into lil‚Äô Kim I am at the moment. Like, I know I have zero‚Ä¶ https://t.co/sObEUlVxvi"
1000505917950124032,2018-05-26 22:36:13 +0000,YearOfZero,"It also doesn‚Äôt mean they were taken. 

This is idiotic. There would be no indictment without Kim Gardner‚Äôs bs. 

A‚Ä¶ https://t.co/HySHTWijtB"
1000402209526501376,2018-05-26 15:44:07 +0000,NSFMill,"RT @YearOfZero: @EricGreitens is innocent!

Great ad showing what soros and #KimShady have been up to! 

Now we just need a video e‚Ä¶ https://t.co/n8ai1vqJsn"
1000398156654358528,2018-05-26 15:28:01 +0000,Sticknstones4,"RT @YearOfZero: @EricGreitens is innocent!

Great ad showing what soros and #KimShady have been up to! 

Now we just need a video e‚Ä¶ https://t.co/n8ai1vqJsn"
1000395177859612674,2018-05-26 15:16:11 +0000,VisioDeiFromLA,"RT @magathemaga1: George Soros bought Kim Gardner 

And it was a consensual kinky affair

Sorry champ but facts are facts.

She kept‚Ä¶ https://t.co/DnkUyLNzCP"
1000383514808934401,2018-05-26 14:29:50 +0000,dogboy05,@LifeSite @DineshDSouza I think Kim Gardner is the kind of prosecutor that likes to subvert the law to get people s‚Ä¶ https://t.co/xzgmEZ399L
1000378247522193409,2018-05-26 14:08:54 +0000,eye95,"Kim Gardner, @StLouisCityCA, is not an advocate for the law. She is an advocate for a very particular set of politi‚Ä¶ https://t.co/zudkmZGtVR"
1000347005363916800,2018-05-26 12:04:46 +0000,EdBigCon,"RT @magathemaga1: George Soros bought Kim Gardner 

And it was a consensual kinky affair

Sorry champ but facts are facts.

She kept‚Ä¶ https://t.co/DnkUyLNzCP"
1000260995212865536,2018-05-26 06:22:59 +0000,Ijames2018,"RT @magathemaga1: George Soros bought Kim Gardner 

And it was a consensual kinky affair

Sorry champ but facts are facts.

She kept‚Ä¶ https://t.co/DnkUyLNzCP"
1000217091515928576,2018-05-26 03:28:32 +0000,sure_edit_tweet,@theTrumpet_com @js_jacques @Seekingtruthsee May The 'Schwartz' Be With You: Someone wrote it for him to read? (i)‚Ä¶ https://t.co/Pge7mGZlqB
1000149916881117184,2018-05-25 23:01:36 +0000,sigi_hill,"RT @magathemaga1: George Soros bought Kim Gardner 

And it was a consensual kinky affair

Sorry champ but facts are facts.

She kept‚Ä¶ https://t.co/DnkUyLNzCP"
1000127153479012352,2018-05-25 21:31:09 +0000,2xsRocks,#ItsTheMusic! Resurrection Shuffle by ASHTON GARDNER AND DYKE (from 1971). The Blackpool power trio 'one-hit wonder‚Ä¶ https://t.co/nbpPDm6pWy
1000117818891931648,2018-05-25 20:54:03 +0000,magathemaga1,"George Soros bought Kim Gardner 

And it was a consensual kinky affair

Sorry champ but facts are facts.

She kept‚Ä¶ https://t.co/DnkUyLNzCP"
1000105695008772097,2018-05-25 20:05:53 +0000,jray_redfever,@JackPosobiec Greitens should just plead the 5th.... he has a massive civil case against Kim Gardner and the City of St Louis üòÇüòÇüòÇüòÇ
1000101181828550657,2018-05-25 19:47:57 +0000,JohnBisciJr,@Claire_Kellett @EricGreitens @KMOV @KMOVMatt @russellkinsaul When is Kim Gardner going to be investigated for her misconduct?
1000092982501093377,2018-05-25 19:15:22 +0000,NSFMill,"RT @sigi_hill: @CStamper_ Now democrat prosecuter Kim Gardner is barred by the court from any issue concerning Governor. Yet, she‚Ä¶ https://t.co/u2JpreGHyi"
1000091401952968704,2018-05-25 19:09:05 +0000,sigi_hill,"@CStamper_ Now democrat prosecuter Kim Gardner is barred by the court from any issue concerning Governor. Yet, she‚Ä¶ https://t.co/u2JpreGHyi"
1000041838286225409,2018-05-25 15:52:08 +0000,GopherGrad,"RT @conradchaffee: Some senators seem unclear about what happened today. 

Senator Gardner (R-CO): ""I hope the North Korean people und‚Ä¶ https://t.co/qbKvRbdN46"
1000041205038764032,2018-05-25 15:49:37 +0000,Obscurica,"RT @conradchaffee: Some senators seem unclear about what happened today. 

Senator Gardner (R-CO): ""I hope the North Korean people und‚Ä¶ https://t.co/qbKvRbdN46"
1000040905179586560,2018-05-25 15:48:26 +0000,0xKruzr,"RT @conradchaffee: Some senators seem unclear about what happened today. 

Senator Gardner (R-CO): ""I hope the North Korean people und‚Ä¶ https://t.co/qbKvRbdN46"
1000014476584914948,2018-05-25 14:03:25 +0000,will4nbc,"‚ÄúProsecutor Kim Gardner‚Äôs goal was not justice, but rather persecution. That is evident because her office persiste‚Ä¶ https://t.co/l3xiNdEGpB"
1000010372210835456,2018-05-25 13:47:06 +0000,joanvw09,"RT @conradchaffee: Some senators seem unclear about what happened today. 

Senator Gardner (R-CO): ""I hope the North Korean people und‚Ä¶ https://t.co/qbKvRbdN46"
1000003092635529217,2018-05-25 13:18:11 +0000,Melvis926,"RT @conradchaffee: Some senators seem unclear about what happened today. 

Senator Gardner (R-CO): ""I hope the North Korean people und‚Ä¶ https://t.co/qbKvRbdN46"
1000001265617854466,2018-05-25 13:10:55 +0000,franksnstein,..Senator Cory Gardner is simply a donnie trump apologist for fucking up Kim Jong-Un summit ....
999998957211316224,2018-05-25 13:01:45 +0000,jillofDaffys,"RT @conradchaffee: Some senators seem unclear about what happened today. 

Senator Gardner (R-CO): ""I hope the North Korean people und‚Ä¶ https://t.co/qbKvRbdN46"
999998509813256194,2018-05-25 12:59:58 +0000,Litapi1,"RT @conradchaffee: Some senators seem unclear about what happened today. 

Senator Gardner (R-CO): ""I hope the North Korean people und‚Ä¶ https://t.co/qbKvRbdN46"
999998210163781632,2018-05-25 12:58:47 +0000,Tessa4401,"RT @conradchaffee: Some senators seem unclear about what happened today. 

Senator Gardner (R-CO): ""I hope the North Korean people und‚Ä¶ https://t.co/qbKvRbdN46"
999988002008059905,2018-05-25 12:18:13 +0000,Pamela_Gardner,@realDonaldTrump This is historical. Most calling Kim more of a statesman than our president. Let that that statement set in Trumpsters.
999971837189742595,2018-05-25 11:13:59 +0000,igallupd,"RT @conradchaffee: Some senators seem unclear about what happened today. 

Senator Gardner (R-CO): ""I hope the North Korean people und‚Ä¶ https://t.co/qbKvRbdN46"
999967870154039296,2018-05-25 10:58:13 +0000,SmurfGG,"RT @conradchaffee: Some senators seem unclear about what happened today. 

Senator Gardner (R-CO): ""I hope the North Korean people und‚Ä¶ https://t.co/qbKvRbdN46"
999943968937914368,2018-05-25 09:23:14 +0000,BigLeague2020,"RT @YearOfZero: @EricGreitens is innocent!

Great ad showing what soros and #KimShady have been up to! 

Now we just need a video e‚Ä¶ https://t.co/n8ai1vqJsn"
999897236505903104,2018-05-25 06:17:33 +0000,brush5791,"RT @conradchaffee: Some senators seem unclear about what happened today. 

Senator Gardner (R-CO): ""I hope the North Korean people und‚Ä¶ https://t.co/qbKvRbdN46"
999891698716045314,2018-05-25 05:55:32 +0000,joshjonsmith,"RT @conradchaffee: Some senators seem unclear about what happened today. 

Senator Gardner (R-CO): ""I hope the North Korean people und‚Ä¶ https://t.co/qbKvRbdN46"
999888253430845441,2018-05-25 05:41:51 +0000,dookielou,"RT @conradchaffee: Some senators seem unclear about what happened today. 

Senator Gardner (R-CO): ""I hope the North Korean people und‚Ä¶ https://t.co/qbKvRbdN46"
999875141969444865,2018-05-25 04:49:45 +0000,lexi_galloway,"RT @conradchaffee: Some senators seem unclear about what happened today. 

Senator Gardner (R-CO): ""I hope the North Korean people und‚Ä¶ https://t.co/qbKvRbdN46"
999872637831655425,2018-05-25 04:39:48 +0000,scsieb42_carol,"RT @magathemaga1: CONFIRMED: FBI investigating $120,000 cash payments made by corrupt West Butler County Hillbilly to #MoneyBagsAl at‚Ä¶ https://t.co/WxoTvw0Yzs"
999871617441255425,2018-05-25 04:35:44 +0000,oranckay,"RT @conradchaffee: Some senators seem unclear about what happened today. 

Senator Gardner (R-CO): ""I hope the North Korean people und‚Ä¶ https://t.co/qbKvRbdN46"
999869841933824000,2018-05-25 04:28:41 +0000,scsieb42_carol,"RT @magathemaga1: CONFIRMED: FBI investigating $120,000 cash payments made by corrupt West Butler County Hillbilly to #MoneyBagsAl at‚Ä¶ https://t.co/P4GpWAXRBE"
999869542364057600,2018-05-25 04:27:30 +0000,VisioDeiFromLA,@cawleykl @Steve3449 @CaseyNolen Then there is the whole money thing ‚Äî clearly money was a motivator factor for Phi‚Ä¶ https://t.co/EqnAlJIiyJ
999868220613054464,2018-05-25 04:22:15 +0000,VisioDeiFromLA,"@cawleykl @Steve3449 @CaseyNolen So in a sense, she could be a victim. But not at the hands of EG. at the hands of‚Ä¶ https://t.co/v0IA1iosFD"
999868081664077824,2018-05-25 04:21:41 +0000,VisioDeiFromLA,@cawleykl @Steve3449 @CaseyNolen You are misquoting stuff to push your narrative. She lied. Period. What reason? I‚Ä¶ https://t.co/gBh5evzFx9
999860561453113344,2018-05-25 03:51:49 +0000,Tomas_Denver7,"Gardner blames Kim's words after summit canceled
https://t.co/LoZ7hhu2Lw"
999859914360180736,2018-05-25 03:49:14 +0000,boodaone22,"RT @conradchaffee: Some senators seem unclear about what happened today. 

Senator Gardner (R-CO): ""I hope the North Korean people und‚Ä¶ https://t.co/qbKvRbdN46"
999855588635955200,2018-05-25 03:32:03 +0000,BradleyRoss,"RT @conradchaffee: Some senators seem unclear about what happened today. 

Senator Gardner (R-CO): ""I hope the North Korean people und‚Ä¶ https://t.co/qbKvRbdN46"
999852395453714433,2018-05-25 03:19:22 +0000,CostOfNukes,"RT @conradchaffee: Some senators seem unclear about what happened today. 

Senator Gardner (R-CO): ""I hope the North Korean people und‚Ä¶ https://t.co/qbKvRbdN46"
999851511680155648,2018-05-25 03:15:51 +0000,navin_rhonda,"RT @conradchaffee: Some senators seem unclear about what happened today. 

Senator Gardner (R-CO): ""I hope the North Korean people und‚Ä¶ https://t.co/qbKvRbdN46"
999849826991984641,2018-05-25 03:09:09 +0000,4plaintiff,"RT @conradchaffee: Some senators seem unclear about what happened today. 

Senator Gardner (R-CO): ""I hope the North Korean people und‚Ä¶ https://t.co/qbKvRbdN46"
999843348147032064,2018-05-25 02:43:25 +0000,AlexanderMcCoy4,"RT @conradchaffee: Some senators seem unclear about what happened today. 

Senator Gardner (R-CO): ""I hope the North Korean people und‚Ä¶ https://t.co/qbKvRbdN46"
999840110739935233,2018-05-25 02:30:33 +0000,jmarkgilbert,"RT @conradchaffee: Some senators seem unclear about what happened today. 

Senator Gardner (R-CO): ""I hope the North Korean people und‚Ä¶ https://t.co/qbKvRbdN46"
999829051047997440,2018-05-25 01:46:36 +0000,chilonikki,Gardner blames Kim's words after summit canceled - https://t.co/LNHXhR4avE @indivisibleden @GreeleyTribune‚Ä¶ https://t.co/Kmv99RJdsB
999826178960576512,2018-05-25 01:35:11 +0000,missb62,"RT @conradchaffee: Some senators seem unclear about what happened today. 

Senator Gardner (R-CO): ""I hope the North Korean people und‚Ä¶ https://t.co/qbKvRbdN46"
999816387127197696,2018-05-25 00:56:17 +0000,MarcChapman_,"RT @conradchaffee: Some senators seem unclear about what happened today. 

Senator Gardner (R-CO): ""I hope the North Korean people und‚Ä¶ https://t.co/qbKvRbdN46"
999816355024199680,2018-05-25 00:56:09 +0000,1982Raev28,"RT @conradchaffee: Some senators seem unclear about what happened today. 

Senator Gardner (R-CO): ""I hope the North Korean people und‚Ä¶ https://t.co/qbKvRbdN46"
999808655817166849,2018-05-25 00:25:33 +0000,kindofabigdata,"RT @conradchaffee: Some senators seem unclear about what happened today. 

Senator Gardner (R-CO): ""I hope the North Korean people und‚Ä¶ https://t.co/qbKvRbdN46"
999807840343633920,2018-05-25 00:22:19 +0000,BrettDeLawyer,"RT @conradchaffee: Some senators seem unclear about what happened today. 

Senator Gardner (R-CO): ""I hope the North Korean people und‚Ä¶ https://t.co/qbKvRbdN46"
999807126984851456,2018-05-25 00:19:29 +0000,bad_indian_girl,"RT @conradchaffee: Some senators seem unclear about what happened today. 

Senator Gardner (R-CO): ""I hope the North Korean people und‚Ä¶ https://t.co/qbKvRbdN46"
999801067486568449,2018-05-24 23:55:24 +0000,magathemaga1,"RT @magathemaga1: CONFIRMED: FBI investigating $120,000 cash payments made by corrupt West Butler County Hillbilly to #MoneyBagsAl at‚Ä¶ https://t.co/WxoTvw0Yzs"
999799808700252160,2018-05-24 23:50:24 +0000,Susan29024016,"RT @conradchaffee: Some senators seem unclear about what happened today. 

Senator Gardner (R-CO): ""I hope the North Korean people und‚Ä¶ https://t.co/qbKvRbdN46"
999799021257474048,2018-05-24 23:47:16 +0000,jameade87,"RT @conradchaffee: Some senators seem unclear about what happened today. 

Senator Gardner (R-CO): ""I hope the North Korean people und‚Ä¶ https://t.co/qbKvRbdN46"
999798201938055168,2018-05-24 23:44:01 +0000,Neilin1Neil,"RT @VisioDeiFromLA: Ever consider she lied?

She‚Äôs been caught lying a number of times

OR manipulated 2 lie by Kim Gardner or Stacey N‚Ä¶ https://t.co/fWHQHGOzTt"
999796137375629312,2018-05-24 23:35:49 +0000,SKOLBLUE1,"RT @VisioDeiFromLA: Ever consider she lied?

She‚Äôs been caught lying a number of times

OR manipulated 2 lie by Kim Gardner or Stacey N‚Ä¶ https://t.co/fWHQHGOzTt"
999795125562769409,2018-05-24 23:31:47 +0000,etheranmagellan,"RT @magathemaga1: CONFIRMED: FBI investigating $120,000 cash payments made by corrupt West Butler County Hillbilly to #MoneyBagsAl at‚Ä¶ https://t.co/WxoTvw0Yzs"
999794980980916224,2018-05-24 23:31:13 +0000,tenaciousmonkey,"RT @conradchaffee: Some senators seem unclear about what happened today. 

Senator Gardner (R-CO): ""I hope the North Korean people und‚Ä¶ https://t.co/qbKvRbdN46"
999794310240489473,2018-05-24 23:28:33 +0000,RJFerryJr,"RT @magathemaga1: CONFIRMED: FBI investigating $120,000 cash payments made by corrupt West Butler County Hillbilly to #MoneyBagsAl at‚Ä¶ https://t.co/WxoTvw0Yzs"
999792954230353921,2018-05-24 23:23:10 +0000,darlene09465021,"RT @npenzenstadler: Sen. Gardner already spinning Kim ""walking away from the summit"" - I don't think that's exactly what happened."
999792855089647616,2018-05-24 23:22:46 +0000,magathemaga1,"CONFIRMED: FBI investigating $120,000 cash payments made by corrupt West Butler County Hillbilly to #MoneyBagsAl at‚Ä¶ https://t.co/WxoTvw0Yzs"
999789369610375168,2018-05-24 23:08:55 +0000,jewcoffee,"RT @conradchaffee: Some senators seem unclear about what happened today. 

Senator Gardner (R-CO): ""I hope the North Korean people und‚Ä¶ https://t.co/qbKvRbdN46"
999788316986753026,2018-05-24 23:04:44 +0000,pkdof,"RT @conradchaffee: Some senators seem unclear about what happened today. 

Senator Gardner (R-CO): ""I hope the North Korean people und‚Ä¶ https://t.co/qbKvRbdN46"
999781168206794753,2018-05-24 22:36:20 +0000,JRCharney,@PDPJ @EricGreitens This ad is so full of crap! Not every Democrat know George Soros and I highly doubt Kim Gardner know him either.
999778119941873664,2018-05-24 22:24:13 +0000,NoltG,"RT @puckroger: @CStamper_ Scott Faughn,the corrupt media member who hand delivered $120,000 dollars cash to the lawyer now admits‚Ä¶ https://t.co/NQ7w2CVylG"
999775845198761984,2018-05-24 22:15:11 +0000,reesean,"RT @conradchaffee: Some senators seem unclear about what happened today. 

Senator Gardner (R-CO): ""I hope the North Korean people und‚Ä¶ https://t.co/qbKvRbdN46"
999771007660503040,2018-05-24 21:55:57 +0000,Craybo23,"RT @VisioDeiFromLA: Ever consider she lied?

She‚Äôs been caught lying a number of times

OR manipulated 2 lie by Kim Gardner or Stacey N‚Ä¶ https://t.co/fWHQHGOzTt"
999770107646623744,2018-05-24 21:52:23 +0000,NotaSheep8621,"RT @mCarey60: @mikewickett Some senators seem unclear about what happened today. 

Senator Gardner (R-CO): ""I hope the North Kore‚Ä¶ https://t.co/Ht0JP3UnYO"
999769086228860928,2018-05-24 21:48:19 +0000,brian_phares,"RT @conradchaffee: Some senators seem unclear about what happened today. 

Senator Gardner (R-CO): ""I hope the North Korean people und‚Ä¶ https://t.co/qbKvRbdN46"
999766876438847493,2018-05-24 21:39:32 +0000,kmckelly,"RT @conradchaffee: Some senators seem unclear about what happened today. 

Senator Gardner (R-CO): ""I hope the North Korean people und‚Ä¶ https://t.co/qbKvRbdN46"
999760199048187904,2018-05-24 21:13:00 +0000,Margare03880660,"RT @magathemaga1: CONFIRMED: FBI investigating $120,000 cash payments made by corrupt West Butler County Hillbilly to #MoneyBagsAl at‚Ä¶ https://t.co/P4GpWAXRBE"
999758863279804416,2018-05-24 21:07:42 +0000,rebeccamccoyb1,"RT @conradchaffee: Some senators seem unclear about what happened today. 

Senator Gardner (R-CO): ""I hope the North Korean people und‚Ä¶ https://t.co/qbKvRbdN46"
999757682314637312,2018-05-24 21:03:00 +0000,AZTanya,"RT @conradchaffee: Some senators seem unclear about what happened today. 

Senator Gardner (R-CO): ""I hope the North Korean people und‚Ä¶ https://t.co/qbKvRbdN46"
999757257113001985,2018-05-24 21:01:19 +0000,Sticknstones4,"RT @VisioDeiFromLA: Ever consider she lied?

She‚Äôs been caught lying a number of times

OR manipulated 2 lie by Kim Gardner or Stacey N‚Ä¶ https://t.co/fWHQHGOzTt"
999757141597675521,2018-05-24 21:00:51 +0000,RakestrawJeff,@VisioDeiFromLA @StephenLimbaugh @ali @SheenaGreitens As a criminal defendant citizen Greitens is entitled to full‚Ä¶ https://t.co/KuPdOi7aoM
999756633864622080,2018-05-24 20:58:50 +0000,websterelizabet,"RT @magathemaga1: CONFIRMED: FBI investigating $120,000 cash payments made by corrupt West Butler County Hillbilly to #MoneyBagsAl at‚Ä¶ https://t.co/P4GpWAXRBE"
999755724824743936,2018-05-24 20:55:14 +0000,VisioDeiFromLA,"RT @magathemaga1: CONFIRMED: FBI investigating $120,000 cash payments made by corrupt West Butler County Hillbilly to #MoneyBagsAl at‚Ä¶ https://t.co/P4GpWAXRBE"
999755451372748800,2018-05-24 20:54:08 +0000,BrianKirsch1,"RT @conradchaffee: Some senators seem unclear about what happened today. 

Senator Gardner (R-CO): ""I hope the North Korean people und‚Ä¶ https://t.co/qbKvRbdN46"
999755006126551040,2018-05-24 20:52:22 +0000,VisioDeiFromLA,"RT @VisioDeiFromLA: Ever consider she lied?

She‚Äôs been caught lying a number of times

OR manipulated 2 lie by Kim Gardner or Stacey N‚Ä¶ https://t.co/fWHQHGOzTt"
999754658150305793,2018-05-24 20:50:59 +0000,vonkarama,"RT @conradchaffee: Some senators seem unclear about what happened today. 

Senator Gardner (R-CO): ""I hope the North Korean people und‚Ä¶ https://t.co/qbKvRbdN46"
999754301642686465,2018-05-24 20:49:34 +0000,JuanSolorioJr,"RT @conradchaffee: Some senators seem unclear about what happened today. 

Senator Gardner (R-CO): ""I hope the North Korean people und‚Ä¶ https://t.co/qbKvRbdN46"
999750542422368256,2018-05-24 20:34:38 +0000,Chopstik,"RT @conradchaffee: Some senators seem unclear about what happened today. 

Senator Gardner (R-CO): ""I hope the North Korean people und‚Ä¶ https://t.co/qbKvRbdN46"
999750291351207937,2018-05-24 20:33:38 +0000,creenmack,"RT @conradchaffee: Some senators seem unclear about what happened today. 

Senator Gardner (R-CO): ""I hope the North Korean people und‚Ä¶ https://t.co/qbKvRbdN46"
999749985951510530,2018-05-24 20:32:25 +0000,pambnme,"RT @conradchaffee: Some senators seem unclear about what happened today. 

Senator Gardner (R-CO): ""I hope the North Korean people und‚Ä¶ https://t.co/qbKvRbdN46"
999749254288637954,2018-05-24 20:29:31 +0000,ImpastatoSusan,"RT @conradchaffee: Some senators seem unclear about what happened today. 

Senator Gardner (R-CO): ""I hope the North Korean people und‚Ä¶ https://t.co/qbKvRbdN46"
999748494846902272,2018-05-24 20:26:30 +0000,HickeyDevon,"RT @conradchaffee: Some senators seem unclear about what happened today. 

Senator Gardner (R-CO): ""I hope the North Korean people und‚Ä¶ https://t.co/qbKvRbdN46"
999748214051000321,2018-05-24 20:25:23 +0000,NGrossman81,"RT @conradchaffee: Some senators seem unclear about what happened today. 

Senator Gardner (R-CO): ""I hope the North Korean people und‚Ä¶ https://t.co/qbKvRbdN46"
999746813237317633,2018-05-24 20:19:49 +0000,martzferrazz,"RT @conradchaffee: Some senators seem unclear about what happened today. 

Senator Gardner (R-CO): ""I hope the North Korean people und‚Ä¶ https://t.co/qbKvRbdN46"
999746027094708224,2018-05-24 20:16:41 +0000,RJFerryJr,"RT @VisioDeiFromLA: Ever consider she lied?

She‚Äôs been caught lying a number of times

OR manipulated 2 lie by Kim Gardner or Stacey N‚Ä¶ https://t.co/fWHQHGOzTt"
999742463005863938,2018-05-24 20:02:32 +0000,EdBigCon,"RT @VisioDeiFromLA: Ever consider she lied?

She‚Äôs been caught lying a number of times

OR manipulated 2 lie by Kim Gardner or Stacey N‚Ä¶ https://t.co/fWHQHGOzTt"
999742190313201666,2018-05-24 20:01:27 +0000,VisioDeiFromLA,"Ever consider she lied?

She‚Äôs been caught lying a number of times

OR manipulated 2 lie by Kim Gardner or Stacey N‚Ä¶ https://t.co/fWHQHGOzTt"
999741391587762176,2018-05-24 19:58:16 +0000,AbigailStrom,"RT @conradchaffee: Some senators seem unclear about what happened today. 

Senator Gardner (R-CO): ""I hope the North Korean people und‚Ä¶ https://t.co/qbKvRbdN46"
999738648571535360,2018-05-24 19:47:22 +0000,karmamichele,"RT @magathemaga1: @karmamichele Love how RFT tries to mock it, despite the fact its correct 

Soros bought Kim Gardner
Stacey Newman‚Ä¶ https://t.co/XBZ6eWyXtA"
999738097171615745,2018-05-24 19:45:11 +0000,magathemaga1,"@karmamichele Love how RFT tries to mock it, despite the fact its correct 

Soros bought Kim Gardner
Stacey Newman‚Ä¶ https://t.co/XBZ6eWyXtA"
999737741431762945,2018-05-24 19:43:46 +0000,dangit_kyle,"RT @conradchaffee: Some senators seem unclear about what happened today. 

Senator Gardner (R-CO): ""I hope the North Korean people und‚Ä¶ https://t.co/qbKvRbdN46"
999737647181410304,2018-05-24 19:43:23 +0000,MaybeACrook,"RT @conradchaffee: Some senators seem unclear about what happened today. 

Senator Gardner (R-CO): ""I hope the North Korean people und‚Ä¶ https://t.co/qbKvRbdN46"
999737126873792512,2018-05-24 19:41:19 +0000,MinnequaFats,"RT @conradchaffee: Some senators seem unclear about what happened today. 

Senator Gardner (R-CO): ""I hope the North Korean people und‚Ä¶ https://t.co/qbKvRbdN46"
999736907247403008,2018-05-24 19:40:27 +0000,DemBFF,"RT @AlamoOnTheRise: Senator Gardner (R-CO): ""I hope the North Korean people understand what Kim walked away from."" 

Trump cancelled th‚Ä¶ https://t.co/cUEzPyvz9T"
999736330593554432,2018-05-24 19:38:10 +0000,quotidiantim,"@SenCoryGardner Senator Gardner (R-CO): ""I hope the North Korean people understand what Kim walked away from.""   Fo‚Ä¶ https://t.co/6SfwZ35Yua"
999736030981844992,2018-05-24 19:36:58 +0000,MinnequaFats,"I'm always annoyed/embarrassed that @SenCoryGardner is my senator but ugh...

From @ArmsControlWonk:

Some senators‚Ä¶ https://t.co/28Qik3ymSs"
999735882578968576,2018-05-24 19:36:23 +0000,JenniferResists,"RT @AlamoOnTheRise: Senator Gardner (R-CO): ""I hope the North Korean people understand what Kim walked away from."" 

Trump cancelled th‚Ä¶ https://t.co/cUEzPyvz9T"
999735003998294016,2018-05-24 19:32:53 +0000,blubugeye,"RT @AlamoOnTheRise: Senator Gardner (R-CO): ""I hope the North Korean people understand what Kim walked away from."" 

Trump cancelled th‚Ä¶ https://t.co/cUEzPyvz9T"
999734981466374145,2018-05-24 19:32:48 +0000,drmaggiesa,"RT @conradchaffee: Some senators seem unclear about what happened today. 

Senator Gardner (R-CO): ""I hope the North Korean people und‚Ä¶ https://t.co/qbKvRbdN46"
999734708282900481,2018-05-24 19:31:43 +0000,AlamoOnTheRise,"Senator Gardner (R-CO): ""I hope the North Korean people understand what Kim walked away from."" 

Trump cancelled th‚Ä¶ https://t.co/cUEzPyvz9T"
999734685247795200,2018-05-24 19:31:37 +0000,sahlee426,"RT @conradchaffee: Some senators seem unclear about what happened today. 

Senator Gardner (R-CO): ""I hope the North Korean people und‚Ä¶ https://t.co/qbKvRbdN46"
999734552875581440,2018-05-24 19:31:06 +0000,InstantPresence,"RT @conradchaffee: Some senators seem unclear about what happened today. 

Senator Gardner (R-CO): ""I hope the North Korean people und‚Ä¶ https://t.co/qbKvRbdN46"
999734544654778368,2018-05-24 19:31:04 +0000,on_bender,"RT @conradchaffee: Some senators seem unclear about what happened today. 

Senator Gardner (R-CO): ""I hope the North Korean people und‚Ä¶ https://t.co/qbKvRbdN46"
999733699699707904,2018-05-24 19:27:42 +0000,CrescensXG,"RT @conradchaffee: Some senators seem unclear about what happened today. 

Senator Gardner (R-CO): ""I hope the North Korean people und‚Ä¶ https://t.co/qbKvRbdN46"
999732364589785088,2018-05-24 19:22:24 +0000,the_ulf,"RT @conradchaffee: Some senators seem unclear about what happened today. 

Senator Gardner (R-CO): ""I hope the North Korean people und‚Ä¶ https://t.co/qbKvRbdN46"
999732198466113544,2018-05-24 19:21:44 +0000,5DefermentDon,"RT @conradchaffee: Some senators seem unclear about what happened today. 

Senator Gardner (R-CO): ""I hope the North Korean people und‚Ä¶ https://t.co/qbKvRbdN46"
999731883431907328,2018-05-24 19:20:29 +0000,traiandoc,"RT @conradchaffee: Some senators seem unclear about what happened today. 

Senator Gardner (R-CO): ""I hope the North Korean people und‚Ä¶ https://t.co/qbKvRbdN46"
999731625867923458,2018-05-24 19:19:28 +0000,mikewickett,"RT @mCarey60: @mikewickett Some senators seem unclear about what happened today. 

Senator Gardner (R-CO): ""I hope the North Kore‚Ä¶ https://t.co/Ht0JP3UnYO"
999731185684279301,2018-05-24 19:17:43 +0000,mCarey60,"@mikewickett Some senators seem unclear about what happened today. 

Senator Gardner (R-CO): ""I hope the North Kore‚Ä¶ https://t.co/Ht0JP3UnYO"
999730839666806785,2018-05-24 19:16:20 +0000,rushadthomas,"RT @conradchaffee: Some senators seem unclear about what happened today. 

Senator Gardner (R-CO): ""I hope the North Korean people und‚Ä¶ https://t.co/qbKvRbdN46"
999730700067553280,2018-05-24 19:15:47 +0000,McClintockMarc,"RT @conradchaffee: Some senators seem unclear about what happened today. 

Senator Gardner (R-CO): ""I hope the North Korean people und‚Ä¶ https://t.co/qbKvRbdN46"
999730181593075713,2018-05-24 19:13:44 +0000,ReddishRabbit,"RT @conradchaffee: Some senators seem unclear about what happened today. 

Senator Gardner (R-CO): ""I hope the North Korean people und‚Ä¶ https://t.co/qbKvRbdN46"
999729949736034305,2018-05-24 19:12:48 +0000,1whoknu,"RT @conradchaffee: Some senators seem unclear about what happened today. 

Senator Gardner (R-CO): ""I hope the North Korean people und‚Ä¶ https://t.co/qbKvRbdN46"
999729681011298304,2018-05-24 19:11:44 +0000,cloudwanderer3,"RT @conradchaffee: Some senators seem unclear about what happened today. 

Senator Gardner (R-CO): ""I hope the North Korean people und‚Ä¶ https://t.co/qbKvRbdN46"
999729668738633728,2018-05-24 19:11:41 +0000,tllanes,"RT @conradchaffee: Some senators seem unclear about what happened today. 

Senator Gardner (R-CO): ""I hope the North Korean people und‚Ä¶ https://t.co/qbKvRbdN46"
999729508239355904,2018-05-24 19:11:03 +0000,trentonsperry,"RT @conradchaffee: Some senators seem unclear about what happened today. 

Senator Gardner (R-CO): ""I hope the North Korean people und‚Ä¶ https://t.co/qbKvRbdN46"
999729128742961152,2018-05-24 19:09:33 +0000,Khvnsaab,"RT @conradchaffee: Some senators seem unclear about what happened today. 

Senator Gardner (R-CO): ""I hope the North Korean people und‚Ä¶ https://t.co/qbKvRbdN46"
999728910484025344,2018-05-24 19:08:40 +0000,jaciwin,"RT @samuelhlee: #ProLife'r arrested for ‚Äúdomestic terrorism‚Äù at #STL Planned Parenthood #abortion facility found not guilty. ""‚Ä¶ https://t.co/5T4X06iqZ0"
999728237776289795,2018-05-24 19:06:00 +0000,gumplr,"RT @conradchaffee: Some senators seem unclear about what happened today. 

Senator Gardner (R-CO): ""I hope the North Korean people und‚Ä¶ https://t.co/qbKvRbdN46"
999727141720801281,2018-05-24 19:01:39 +0000,jazzneophyte,"RT @conradchaffee: Some senators seem unclear about what happened today. 

Senator Gardner (R-CO): ""I hope the North Korean people und‚Ä¶ https://t.co/qbKvRbdN46"
999726307620655104,2018-05-24 18:58:20 +0000,longwall26,"RT @conradchaffee: Some senators seem unclear about what happened today. 

Senator Gardner (R-CO): ""I hope the North Korean people und‚Ä¶ https://t.co/qbKvRbdN46"
999725149762084864,2018-05-24 18:53:44 +0000,Mizzourah_Mom,"@KenatGV Kim Gardner, CA in STL"
999724637482348544,2018-05-24 18:51:42 +0000,Rawkuz99,"RT @conradchaffee: Some senators seem unclear about what happened today. 

Senator Gardner (R-CO): ""I hope the North Korean people und‚Ä¶ https://t.co/qbKvRbdN46"
999724140486590465,2018-05-24 18:49:43 +0000,Dovewoman1,"RT @conradchaffee: Some senators seem unclear about what happened today. 

Senator Gardner (R-CO): ""I hope the North Korean people und‚Ä¶ https://t.co/qbKvRbdN46"
999723635970633729,2018-05-24 18:47:43 +0000,Mizzourah_Mom,"RT @magathemaga1: CONFIRMED: FBI investigating $120,000 cash payments made by corrupt West Butler County Hillbilly to #MoneyBagsAl at‚Ä¶ https://t.co/P4GpWAXRBE"
999723448485236736,2018-05-24 18:46:58 +0000,BurningSands29,"RT @conradchaffee: Some senators seem unclear about what happened today. 

Senator Gardner (R-CO): ""I hope the North Korean people und‚Ä¶ https://t.co/qbKvRbdN46"
999723141705420800,2018-05-24 18:45:45 +0000,groeblbubble,"RT @conradchaffee: Some senators seem unclear about what happened today. 

Senator Gardner (R-CO): ""I hope the North Korean people und‚Ä¶ https://t.co/qbKvRbdN46"
999722580776050693,2018-05-24 18:43:31 +0000,ReaderRabott,"RT @conradchaffee: Some senators seem unclear about what happened today. 

Senator Gardner (R-CO): ""I hope the North Korean people und‚Ä¶ https://t.co/qbKvRbdN46"
999721948761358336,2018-05-24 18:41:01 +0000,Mmorales50Maria,"RT @conradchaffee: Some senators seem unclear about what happened today. 

Senator Gardner (R-CO): ""I hope the North Korean people und‚Ä¶ https://t.co/qbKvRbdN46"
999721667260657664,2018-05-24 18:39:54 +0000,robinmarty,"RT @samuelhlee: #ProLife'r arrested for ‚Äúdomestic terrorism‚Äù at #STL Planned Parenthood #abortion facility found not guilty. ""‚Ä¶ https://t.co/5T4X06iqZ0"
999721239311802369,2018-05-24 18:38:12 +0000,samuelhlee,"#ProLife'r arrested for ‚Äúdomestic terrorism‚Äù at #STL Planned Parenthood #abortion facility found not guilty. ""‚Ä¶ https://t.co/5T4X06iqZ0"
999720428582133765,2018-05-24 18:34:58 +0000,eclipsethis2003,"Sen. Gardner on what changed with North Korean summit
Republican senator from Colorado says Kim Jong Un may be unde‚Ä¶ https://t.co/6wsbbgXYg4"
999720412652109828,2018-05-24 18:34:54 +0000,robgo84,"RT @conradchaffee: Some senators seem unclear about what happened today. 

Senator Gardner (R-CO): ""I hope the North Korean people und‚Ä¶ https://t.co/qbKvRbdN46"
999719840188379137,2018-05-24 18:32:38 +0000,pribom10,"RT @conradchaffee: Some senators seem unclear about what happened today. 

Senator Gardner (R-CO): ""I hope the North Korean people und‚Ä¶ https://t.co/qbKvRbdN46"
999716762525601792,2018-05-24 18:20:24 +0000,Neilin1Neil,"RT @Str8DonLemon: Your a CIVIL RIGHTS lawyer?

Kim gardner indicted a man without evidence or probable cause and avoid using the poli‚Ä¶ https://t.co/kUpCrMFlrR"
999715421367418885,2018-05-24 18:15:04 +0000,sigi_hill,"RT @magathemaga1: CONFIRMED: FBI investigating $120,000 cash payments made by corrupt West Butler County Hillbilly to #MoneyBagsAl at‚Ä¶ https://t.co/P4GpWAXRBE"
999715244346892288,2018-05-24 18:14:22 +0000,Taoresias,"RT @conradchaffee: Some senators seem unclear about what happened today. 

Senator Gardner (R-CO): ""I hope the North Korean people und‚Ä¶ https://t.co/qbKvRbdN46"
999713810951749632,2018-05-24 18:08:40 +0000,mikewood83,"RT @conradchaffee: Some senators seem unclear about what happened today. 

Senator Gardner (R-CO): ""I hope the North Korean people und‚Ä¶ https://t.co/qbKvRbdN46"
999713457346826240,2018-05-24 18:07:16 +0000,JeiceOfSpades,"RT @conradchaffee: Some senators seem unclear about what happened today. 

Senator Gardner (R-CO): ""I hope the North Korean people und‚Ä¶ https://t.co/qbKvRbdN46"
999712700539252737,2018-05-24 18:04:16 +0000,jlouiseErle,"RT @conradchaffee: Some senators seem unclear about what happened today. 

Senator Gardner (R-CO): ""I hope the North Korean people und‚Ä¶ https://t.co/qbKvRbdN46"
999712622105780224,2018-05-24 18:03:57 +0000,stonehead,"RT @conradchaffee: Some senators seem unclear about what happened today. 

Senator Gardner (R-CO): ""I hope the North Korean people und‚Ä¶ https://t.co/qbKvRbdN46"
999712233809629184,2018-05-24 18:02:24 +0000,ResistingLib,"RT @conradchaffee: Some senators seem unclear about what happened today. 

Senator Gardner (R-CO): ""I hope the North Korean people und‚Ä¶ https://t.co/qbKvRbdN46"
999711620048633856,2018-05-24 17:59:58 +0000,BeeMcG8,"RT @conradchaffee: Some senators seem unclear about what happened today. 

Senator Gardner (R-CO): ""I hope the North Korean people und‚Ä¶ https://t.co/qbKvRbdN46"
999710748367466496,2018-05-24 17:56:30 +0000,michaelsen_erik,"RT @conradchaffee: Some senators seem unclear about what happened today. 

Senator Gardner (R-CO): ""I hope the North Korean people und‚Ä¶ https://t.co/qbKvRbdN46"
999710681883709440,2018-05-24 17:56:14 +0000,thebookofrob,"RT @conradchaffee: Some senators seem unclear about what happened today. 

Senator Gardner (R-CO): ""I hope the North Korean people und‚Ä¶ https://t.co/qbKvRbdN46"
999708254518300672,2018-05-24 17:46:36 +0000,Neilin1Neil,"RT @magathemaga1: CONFIRMED: FBI investigating $120,000 cash payments made by corrupt West Butler County Hillbilly to #MoneyBagsAl at‚Ä¶ https://t.co/P4GpWAXRBE"
999708218023653376,2018-05-24 17:46:27 +0000,benhaygood,"RT @conradchaffee: Some senators seem unclear about what happened today. 

Senator Gardner (R-CO): ""I hope the North Korean people und‚Ä¶ https://t.co/qbKvRbdN46"
999708117746188288,2018-05-24 17:46:03 +0000,TheLittleHummer,"RT @conradchaffee: Some senators seem unclear about what happened today. 

Senator Gardner (R-CO): ""I hope the North Korean people und‚Ä¶ https://t.co/qbKvRbdN46"
999707870546546689,2018-05-24 17:45:04 +0000,Borderscrossed,"RT @conradchaffee: Some senators seem unclear about what happened today. 

Senator Gardner (R-CO): ""I hope the North Korean people und‚Ä¶ https://t.co/qbKvRbdN46"
999707717957697536,2018-05-24 17:44:28 +0000,estarianne,"RT @conradchaffee: Some senators seem unclear about what happened today. 

Senator Gardner (R-CO): ""I hope the North Korean people und‚Ä¶ https://t.co/qbKvRbdN46"
999706880913166337,2018-05-24 17:41:08 +0000,douglasscraigky,"RT @conradchaffee: Some senators seem unclear about what happened today. 

Senator Gardner (R-CO): ""I hope the North Korean people und‚Ä¶ https://t.co/qbKvRbdN46"
999706787078131712,2018-05-24 17:40:46 +0000,sabengel4,"RT @conradchaffee: Some senators seem unclear about what happened today. 

Senator Gardner (R-CO): ""I hope the North Korean people und‚Ä¶ https://t.co/qbKvRbdN46"
999706699689689088,2018-05-24 17:40:25 +0000,StevezorSC2,"RT @conradchaffee: Some senators seem unclear about what happened today. 

Senator Gardner (R-CO): ""I hope the North Korean people und‚Ä¶ https://t.co/qbKvRbdN46"
999706428456742914,2018-05-24 17:39:20 +0000,VisioDeiFromLA,@cawleykl @Steve3449 @CaseyNolen @cawleykl ... her testimony to the house spoke of the matter as a consensual affai‚Ä¶ https://t.co/nk7qNPgERP
999706084184031232,2018-05-24 17:37:58 +0000,rmathew87,"RT @conradchaffee: Some senators seem unclear about what happened today. 

Senator Gardner (R-CO): ""I hope the North Korean people und‚Ä¶ https://t.co/qbKvRbdN46"
999705762782838784,2018-05-24 17:36:42 +0000,wyndovelh,"RT @conradchaffee: Some senators seem unclear about what happened today. 

Senator Gardner (R-CO): ""I hope the North Korean people und‚Ä¶ https://t.co/qbKvRbdN46"
999705643022864384,2018-05-24 17:36:13 +0000,49nersutefan,"RT @conradchaffee: Some senators seem unclear about what happened today. 

Senator Gardner (R-CO): ""I hope the North Korean people und‚Ä¶ https://t.co/qbKvRbdN46"
999705510533353473,2018-05-24 17:35:41 +0000,SKOLBLUE1,"RT @Str8DonLemon: Your a CIVIL RIGHTS lawyer?

Kim gardner indicted a man without evidence or probable cause and avoid using the poli‚Ä¶ https://t.co/kUpCrMFlrR"
999705267033071616,2018-05-24 17:34:43 +0000,wechoosewisdom,"RT @conradchaffee: Some senators seem unclear about what happened today. 

Senator Gardner (R-CO): ""I hope the North Korean people und‚Ä¶ https://t.co/qbKvRbdN46"
999705223009533952,2018-05-24 17:34:33 +0000,KentonTilford,"RT @conradchaffee: Some senators seem unclear about what happened today. 

Senator Gardner (R-CO): ""I hope the North Korean people und‚Ä¶ https://t.co/qbKvRbdN46"
999705116558184448,2018-05-24 17:34:08 +0000,danajbama,"RT @conradchaffee: Some senators seem unclear about what happened today. 

Senator Gardner (R-CO): ""I hope the North Korean people und‚Ä¶ https://t.co/qbKvRbdN46"
999705079442796544,2018-05-24 17:33:59 +0000,VisioDeiFromLA,"@cawleykl @Steve3449 @CaseyNolen I've read every single bit of info on this case that is public.

Her testimony to‚Ä¶ https://t.co/RIpC73J7fG"
999704192293003264,2018-05-24 17:30:27 +0000,PekingMike,"RT @conradchaffee: Some senators seem unclear about what happened today. 

Senator Gardner (R-CO): ""I hope the North Korean people und‚Ä¶ https://t.co/qbKvRbdN46"
999703928961937408,2018-05-24 17:29:24 +0000,GetTrumpout74,"RT @conradchaffee: Some senators seem unclear about what happened today. 

Senator Gardner (R-CO): ""I hope the North Korean people und‚Ä¶ https://t.co/qbKvRbdN46"
999703724779098112,2018-05-24 17:28:36 +0000,justinjm1,"RT @conradchaffee: Some senators seem unclear about what happened today. 

Senator Gardner (R-CO): ""I hope the North Korean people und‚Ä¶ https://t.co/qbKvRbdN46"
999703689156812800,2018-05-24 17:28:27 +0000,0xdeadbabe,"RT @conradchaffee: Some senators seem unclear about what happened today. 

Senator Gardner (R-CO): ""I hope the North Korean people und‚Ä¶ https://t.co/qbKvRbdN46"
999703641282920448,2018-05-24 17:28:16 +0000,panphil,"RT @conradchaffee: Some senators seem unclear about what happened today. 

Senator Gardner (R-CO): ""I hope the North Korean people und‚Ä¶ https://t.co/qbKvRbdN46"
999702987915350017,2018-05-24 17:25:40 +0000,cliveboyce77,"RT @conradchaffee: Some senators seem unclear about what happened today. 

Senator Gardner (R-CO): ""I hope the North Korean people und‚Ä¶ https://t.co/qbKvRbdN46"
999702885989416960,2018-05-24 17:25:16 +0000,cj_dugas,"RT @conradchaffee: Some senators seem unclear about what happened today. 

Senator Gardner (R-CO): ""I hope the North Korean people und‚Ä¶ https://t.co/qbKvRbdN46"
999702285210046466,2018-05-24 17:22:53 +0000,underwhelmed04,"RT @conradchaffee: Some senators seem unclear about what happened today. 

Senator Gardner (R-CO): ""I hope the North Korean people und‚Ä¶ https://t.co/qbKvRbdN46"
999702042150096897,2018-05-24 17:21:55 +0000,Holyterror44,"RT @conradchaffee: Some senators seem unclear about what happened today. 

Senator Gardner (R-CO): ""I hope the North Korean people und‚Ä¶ https://t.co/qbKvRbdN46"
999701537701158913,2018-05-24 17:19:54 +0000,JasonBerger1,"RT @conradchaffee: Some senators seem unclear about what happened today. 

Senator Gardner (R-CO): ""I hope the North Korean people und‚Ä¶ https://t.co/qbKvRbdN46"
999701154178125825,2018-05-24 17:18:23 +0000,cheyinka,"RT @conradchaffee: Some senators seem unclear about what happened today. 

Senator Gardner (R-CO): ""I hope the North Korean people und‚Ä¶ https://t.co/qbKvRbdN46"
999700411627003904,2018-05-24 17:15:26 +0000,Patrick_Rolfe,"RT @conradchaffee: Some senators seem unclear about what happened today. 

Senator Gardner (R-CO): ""I hope the North Korean people und‚Ä¶ https://t.co/qbKvRbdN46"
999700124304527360,2018-05-24 17:14:17 +0000,DsFight4U,"RT @conradchaffee: Some senators seem unclear about what happened today. 

Senator Gardner (R-CO): ""I hope the North Korean people und‚Ä¶ https://t.co/qbKvRbdN46"
999700102330638336,2018-05-24 17:14:12 +0000,VisioDeiFromLA,@RakestrawJeff @StephenLimbaugh @ali That‚Äôs the crime. They LIED to to the grand jury about evidence and hired outs‚Ä¶ https://t.co/yA8PmBkHdJ
999699798755192833,2018-05-24 17:13:00 +0000,kay_wento,"RT @conradchaffee: Some senators seem unclear about what happened today. 

Senator Gardner (R-CO): ""I hope the North Korean people und‚Ä¶ https://t.co/qbKvRbdN46"
999699520077291520,2018-05-24 17:11:53 +0000,Scout2462,"RT @conradchaffee: Some senators seem unclear about what happened today. 

Senator Gardner (R-CO): ""I hope the North Korean people und‚Ä¶ https://t.co/qbKvRbdN46"
999698965355524097,2018-05-24 17:09:41 +0000,kathleenannvic1,"RT @conradchaffee: Some senators seem unclear about what happened today. 

Senator Gardner (R-CO): ""I hope the North Korean people und‚Ä¶ https://t.co/qbKvRbdN46"
999698508474191872,2018-05-24 17:07:52 +0000,Schenck,"RT @conradchaffee: Some senators seem unclear about what happened today. 

Senator Gardner (R-CO): ""I hope the North Korean people und‚Ä¶ https://t.co/qbKvRbdN46"
999698430871011328,2018-05-24 17:07:34 +0000,MattHammington,"RT @conradchaffee: Some senators seem unclear about what happened today. 

Senator Gardner (R-CO): ""I hope the North Korean people und‚Ä¶ https://t.co/qbKvRbdN46"
999698407793967104,2018-05-24 17:07:28 +0000,JeffJeremiahC,"RT @conradchaffee: Some senators seem unclear about what happened today. 

Senator Gardner (R-CO): ""I hope the North Korean people und‚Ä¶ https://t.co/qbKvRbdN46"
999697781076971521,2018-05-24 17:04:59 +0000,VisioDeiFromLA,"@cawleykl @Steve3449 @CaseyNolen There is no evidence of his guilt. There is however evidence the witness lied, kim‚Ä¶ https://t.co/ET2mZj8DaE"
999697717168291840,2018-05-24 17:04:43 +0000,chelloway,"RT @conradchaffee: Some senators seem unclear about what happened today. 

Senator Gardner (R-CO): ""I hope the North Korean people und‚Ä¶ https://t.co/qbKvRbdN46"
999697325948841984,2018-05-24 17:03:10 +0000,DeezNutz314,"@lighttips2 @ESOP_STL Could the ""pattern"" in need of consideration be that Kim Gardner and her minions lack the app‚Ä¶ https://t.co/NbxiIQq7Pd"
999697271821426688,2018-05-24 17:02:57 +0000,pinkygrown,"RT @conradchaffee: Some senators seem unclear about what happened today. 

Senator Gardner (R-CO): ""I hope the North Korean people und‚Ä¶ https://t.co/qbKvRbdN46"
999696992598192128,2018-05-24 17:01:51 +0000,nick_wunderful,"RT @conradchaffee: Some senators seem unclear about what happened today. 

Senator Gardner (R-CO): ""I hope the North Korean people und‚Ä¶ https://t.co/qbKvRbdN46"
999696338202824705,2018-05-24 16:59:15 +0000,KerryTweeterson,"RT @conradchaffee: Some senators seem unclear about what happened today. 

Senator Gardner (R-CO): ""I hope the North Korean people und‚Ä¶ https://t.co/qbKvRbdN46"
999696297480347650,2018-05-24 16:59:05 +0000,evilzenmuppet,"RT @conradchaffee: Some senators seem unclear about what happened today. 

Senator Gardner (R-CO): ""I hope the North Korean people und‚Ä¶ https://t.co/qbKvRbdN46"
999696146619650048,2018-05-24 16:58:29 +0000,pippenainteazy,"RT @conradchaffee: Some senators seem unclear about what happened today. 

Senator Gardner (R-CO): ""I hope the North Korean people und‚Ä¶ https://t.co/qbKvRbdN46"
999695798261567490,2018-05-24 16:57:06 +0000,On_a_break_2017,"RT @conradchaffee: Some senators seem unclear about what happened today. 

Senator Gardner (R-CO): ""I hope the North Korean people und‚Ä¶ https://t.co/qbKvRbdN46"
999695718012129280,2018-05-24 16:56:47 +0000,MacmcMacc,"RT @conradchaffee: Some senators seem unclear about what happened today. 

Senator Gardner (R-CO): ""I hope the North Korean people und‚Ä¶ https://t.co/qbKvRbdN46"
999695375530430466,2018-05-24 16:55:25 +0000,Oski_oui_oui,"RT @conradchaffee: Some senators seem unclear about what happened today. 

Senator Gardner (R-CO): ""I hope the North Korean people und‚Ä¶ https://t.co/qbKvRbdN46"
999695290553716736,2018-05-24 16:55:05 +0000,tammyinlalaland,"RT @conradchaffee: Some senators seem unclear about what happened today. 

Senator Gardner (R-CO): ""I hope the North Korean people und‚Ä¶ https://t.co/qbKvRbdN46"
999695286225252352,2018-05-24 16:55:04 +0000,donna_gardner,RT @favabean7: South Korea Responds To Trump's Sudden Cancelation Of Kim Jong Un Summit https://t.co/hKjFXTdbtG
999694867579228160,2018-05-24 16:53:24 +0000,chalksocket,"RT @conradchaffee: Some senators seem unclear about what happened today. 

Senator Gardner (R-CO): ""I hope the North Korean people und‚Ä¶ https://t.co/qbKvRbdN46"
999694794321428480,2018-05-24 16:53:07 +0000,RationalLeft,"RT @conradchaffee: Some senators seem unclear about what happened today. 

Senator Gardner (R-CO): ""I hope the North Korean people und‚Ä¶ https://t.co/qbKvRbdN46"
999694763669454859,2018-05-24 16:52:59 +0000,donna_gardner,RT @TVietor08: This letter Trump sent to Kim Jong-un is weird. https://t.co/jqdpsNghLv
999694609969168384,2018-05-24 16:52:23 +0000,dronepill,"RT @conradchaffee: Some senators seem unclear about what happened today. 

Senator Gardner (R-CO): ""I hope the North Korean people und‚Ä¶ https://t.co/qbKvRbdN46"
999694209002196994,2018-05-24 16:50:47 +0000,wfrolik,"RT @conradchaffee: Some senators seem unclear about what happened today. 

Senator Gardner (R-CO): ""I hope the North Korean people und‚Ä¶ https://t.co/qbKvRbdN46"
999694111874715648,2018-05-24 16:50:24 +0000,Marci_Marshall,"RT @conradchaffee: Some senators seem unclear about what happened today. 

Senator Gardner (R-CO): ""I hope the North Korean people und‚Ä¶ https://t.co/qbKvRbdN46"
999694019427942403,2018-05-24 16:50:02 +0000,rbdoeker,"RT @conradchaffee: Some senators seem unclear about what happened today. 

Senator Gardner (R-CO): ""I hope the North Korean people und‚Ä¶ https://t.co/qbKvRbdN46"
999693397056204801,2018-05-24 16:47:33 +0000,GreatWhiteShuck,@SenCoryGardner actually believes KJU canceled the summit?  Tyrant who begs to be at the table walks away from this‚Ä¶ https://t.co/i8ZUdRqk7C
999693294492827650,2018-05-24 16:47:09 +0000,FrankNunezIII,"RT @conradchaffee: Some senators seem unclear about what happened today. 

Senator Gardner (R-CO): ""I hope the North Korean people und‚Ä¶ https://t.co/qbKvRbdN46"
999693085071339520,2018-05-24 16:46:19 +0000,ClemSkelton,"RT @conradchaffee: Some senators seem unclear about what happened today. 

Senator Gardner (R-CO): ""I hope the North Korean people und‚Ä¶ https://t.co/qbKvRbdN46"
999692812932304896,2018-05-24 16:45:14 +0000,mericanvet,"RT @magathemaga1: CONFIRMED: FBI investigating $120,000 cash payments made by corrupt West Butler County Hillbilly to #MoneyBagsAl at‚Ä¶ https://t.co/P4GpWAXRBE"
999692714064076800,2018-05-24 16:44:51 +0000,WeirMB,"RT @conradchaffee: Some senators seem unclear about what happened today. 

Senator Gardner (R-CO): ""I hope the North Korean people und‚Ä¶ https://t.co/qbKvRbdN46"
999692691775504384,2018-05-24 16:44:45 +0000,johnstodder,"RT @conradchaffee: Some senators seem unclear about what happened today. 

Senator Gardner (R-CO): ""I hope the North Korean people und‚Ä¶ https://t.co/qbKvRbdN46"
999692626461835265,2018-05-24 16:44:30 +0000,SheilaDecker19,"RT @conradchaffee: Some senators seem unclear about what happened today. 

Senator Gardner (R-CO): ""I hope the North Korean people und‚Ä¶ https://t.co/qbKvRbdN46"
999692516306898944,2018-05-24 16:44:03 +0000,NotTiff_Tiffany,"RT @conradchaffee: Some senators seem unclear about what happened today. 

Senator Gardner (R-CO): ""I hope the North Korean people und‚Ä¶ https://t.co/qbKvRbdN46"
999692451005657088,2018-05-24 16:43:48 +0000,MBSisBAE,"RT @conradchaffee: Some senators seem unclear about what happened today. 

Senator Gardner (R-CO): ""I hope the North Korean people und‚Ä¶ https://t.co/qbKvRbdN46"
999692436858339329,2018-05-24 16:43:44 +0000,KaraCalavera,"RT @conradchaffee: Some senators seem unclear about what happened today. 

Senator Gardner (R-CO): ""I hope the North Korean people und‚Ä¶ https://t.co/qbKvRbdN46"
999691998507417600,2018-05-24 16:42:00 +0000,WhoKares34,"RT @conradchaffee: Some senators seem unclear about what happened today. 

Senator Gardner (R-CO): ""I hope the North Korean people und‚Ä¶ https://t.co/qbKvRbdN46"
999691982212620293,2018-05-24 16:41:56 +0000,pwally,"RT @conradchaffee: Some senators seem unclear about what happened today. 

Senator Gardner (R-CO): ""I hope the North Korean people und‚Ä¶ https://t.co/qbKvRbdN46"
999691898385190912,2018-05-24 16:41:36 +0000,CRStromante,"RT @conradchaffee: Some senators seem unclear about what happened today. 

Senator Gardner (R-CO): ""I hope the North Korean people und‚Ä¶ https://t.co/qbKvRbdN46"
999691887597383680,2018-05-24 16:41:34 +0000,mollyinTexas,"RT @conradchaffee: Some senators seem unclear about what happened today. 

Senator Gardner (R-CO): ""I hope the North Korean people und‚Ä¶ https://t.co/qbKvRbdN46"
999691804097196032,2018-05-24 16:41:14 +0000,SonofVBeach,"RT @conradchaffee: Some senators seem unclear about what happened today. 

Senator Gardner (R-CO): ""I hope the North Korean people und‚Ä¶ https://t.co/qbKvRbdN46"
999691781519364096,2018-05-24 16:41:08 +0000,david_lonkevich,"RT @conradchaffee: Some senators seem unclear about what happened today. 

Senator Gardner (R-CO): ""I hope the North Korean people und‚Ä¶ https://t.co/qbKvRbdN46"
999691728998338560,2018-05-24 16:40:56 +0000,donna_gardner,@ProgressOutlook He gave Kim Jong Un a photo op with the head of the CIA (wasn't sec of state at the time). Put us‚Ä¶ https://t.co/G0sroX839V
999691693942128640,2018-05-24 16:40:47 +0000,epaulnet,"RT @JarrettBlanc: Weird that  lSenator Gardner (R-CO): ""I hope the North Korean people understand what Kim walked away from."" 

Senat‚Ä¶ https://t.co/gHjw0ph5ua"
999691391277125632,2018-05-24 16:39:35 +0000,ResignNowKim,"RT @magathemaga1: CONFIRMED: FBI investigating $120,000 cash payments made by corrupt West Butler County Hillbilly to #MoneyBagsAl at‚Ä¶ https://t.co/P4GpWAXRBE"
999691371672879106,2018-05-24 16:39:31 +0000,KSWenger,"RT @conradchaffee: Some senators seem unclear about what happened today. 

Senator Gardner (R-CO): ""I hope the North Korean people und‚Ä¶ https://t.co/qbKvRbdN46"
999691320628199424,2018-05-24 16:39:18 +0000,iot_pat,"RT @conradchaffee: Some senators seem unclear about what happened today. 

Senator Gardner (R-CO): ""I hope the North Korean people und‚Ä¶ https://t.co/qbKvRbdN46"
999691318392635392,2018-05-24 16:39:18 +0000,TheRealZackKent,"RT @conradchaffee: Some senators seem unclear about what happened today. 

Senator Gardner (R-CO): ""I hope the North Korean people und‚Ä¶ https://t.co/qbKvRbdN46"
999691312474411009,2018-05-24 16:39:16 +0000,CnBsNana,"RT @conradchaffee: Some senators seem unclear about what happened today. 

Senator Gardner (R-CO): ""I hope the North Korean people und‚Ä¶ https://t.co/qbKvRbdN46"
999690602831753217,2018-05-24 16:36:27 +0000,rhiannon_ripley,"RT @conradchaffee: Some senators seem unclear about what happened today. 

Senator Gardner (R-CO): ""I hope the North Korean people und‚Ä¶ https://t.co/qbKvRbdN46"
999689778764374016,2018-05-24 16:33:11 +0000,HabinoBR,"RT @conradchaffee: Some senators seem unclear about what happened today. 

Senator Gardner (R-CO): ""I hope the North Korean people und‚Ä¶ https://t.co/qbKvRbdN46"
999689375955996672,2018-05-24 16:31:35 +0000,maralagoing,"RT @conradchaffee: Some senators seem unclear about what happened today. 

Senator Gardner (R-CO): ""I hope the North Korean people und‚Ä¶ https://t.co/qbKvRbdN46"
999688607756701698,2018-05-24 16:28:32 +0000,SerendipitySays,"RT @conradchaffee: Some senators seem unclear about what happened today. 

Senator Gardner (R-CO): ""I hope the North Korean people und‚Ä¶ https://t.co/qbKvRbdN46"
999687695818342400,2018-05-24 16:24:54 +0000,mugwump2,"RT @conradchaffee: Some senators seem unclear about what happened today. 

Senator Gardner (R-CO): ""I hope the North Korean people und‚Ä¶ https://t.co/qbKvRbdN46"
999687601534717959,2018-05-24 16:24:32 +0000,baldy1004,"RT @conradchaffee: Some senators seem unclear about what happened today. 

Senator Gardner (R-CO): ""I hope the North Korean people und‚Ä¶ https://t.co/qbKvRbdN46"
999687398983254017,2018-05-24 16:23:43 +0000,yung_seal,"RT @conradchaffee: Some senators seem unclear about what happened today. 

Senator Gardner (R-CO): ""I hope the North Korean people und‚Ä¶ https://t.co/qbKvRbdN46"
999687326463737856,2018-05-24 16:23:26 +0000,gato_danger,"RT @conradchaffee: Some senators seem unclear about what happened today. 

Senator Gardner (R-CO): ""I hope the North Korean people und‚Ä¶ https://t.co/qbKvRbdN46"
999687156561006592,2018-05-24 16:22:46 +0000,orangehousedown,"RT @conradchaffee: Some senators seem unclear about what happened today. 

Senator Gardner (R-CO): ""I hope the North Korean people und‚Ä¶ https://t.co/qbKvRbdN46"
999686603143434240,2018-05-24 16:20:34 +0000,BLHIII,"RT @conradchaffee: Some senators seem unclear about what happened today. 

Senator Gardner (R-CO): ""I hope the North Korean people und‚Ä¶ https://t.co/qbKvRbdN46"
999686458431758339,2018-05-24 16:19:59 +0000,elizabehsotner,RT @ChadPergram: GOP CO Sen Gardner on Trump canceling the NKorea summit: We must double down on our strategy of maximum pressure an‚Ä¶ https://t.co/CHiNSe1Fs6
999686363921371136,2018-05-24 16:19:37 +0000,SamFPark,"RT @conradchaffee: Some senators seem unclear about what happened today. 

Senator Gardner (R-CO): ""I hope the North Korean people und‚Ä¶ https://t.co/qbKvRbdN46"
999686343302270978,2018-05-24 16:19:32 +0000,SusanneB99,"RT @conradchaffee: Some senators seem unclear about what happened today. 

Senator Gardner (R-CO): ""I hope the North Korean people und‚Ä¶ https://t.co/qbKvRbdN46"
999685869597614085,2018-05-24 16:17:39 +0000,lordairivis,"RT @conradchaffee: Some senators seem unclear about what happened today. 

Senator Gardner (R-CO): ""I hope the North Korean people und‚Ä¶ https://t.co/qbKvRbdN46"
999685848848371712,2018-05-24 16:17:34 +0000,magathemaga1,"RT @magathemaga1: CONFIRMED: FBI investigating $120,000 cash payments made by corrupt West Butler County Hillbilly to #MoneyBagsAl at‚Ä¶ https://t.co/P4GpWAXRBE"
999685786994970624,2018-05-24 16:17:19 +0000,JarrettBlanc,"Weird that Sen Gardner (R-CO) is worried about _NK_ public opinion: ""I hope the North Korean people understand what‚Ä¶ https://t.co/xjjsM1YcV0"
999685584145661952,2018-05-24 16:16:31 +0000,brentjkleinman,"RT @conradchaffee: Some senators seem unclear about what happened today. 

Senator Gardner (R-CO): ""I hope the North Korean people und‚Ä¶ https://t.co/qbKvRbdN46"
999685358269841410,2018-05-24 16:15:37 +0000,sixwing,"RT @conradchaffee: Some senators seem unclear about what happened today. 

Senator Gardner (R-CO): ""I hope the North Korean people und‚Ä¶ https://t.co/qbKvRbdN46"
999685290716422144,2018-05-24 16:15:21 +0000,Lilobri,"RT @conradchaffee: Some senators seem unclear about what happened today. 

Senator Gardner (R-CO): ""I hope the North Korean people und‚Ä¶ https://t.co/qbKvRbdN46"
999685266720735232,2018-05-24 16:15:15 +0000,SbecJfc8080,"RT @conradchaffee: Some senators seem unclear about what happened today. 

Senator Gardner (R-CO): ""I hope the North Korean people und‚Ä¶ https://t.co/qbKvRbdN46"
999685224383512576,2018-05-24 16:15:05 +0000,JarrettBlanc,"Weird that  lSenator Gardner (R-CO): ""I hope the North Korean people understand what Kim walked away from."" 

Senat‚Ä¶ https://t.co/gHjw0ph5ua"
999685186018267141,2018-05-24 16:14:56 +0000,donna_gardner,@Rhys9Williams11 @MandyFeiler @realDonaldTrump Nuclear facility was unusable anyway. Trump legitimized a regime tha‚Ä¶ https://t.co/6FcJ9leC9h
999685158109245441,2018-05-24 16:14:49 +0000,ThePandemoniac,"RT @conradchaffee: Some senators seem unclear about what happened today. 

Senator Gardner (R-CO): ""I hope the North Korean people und‚Ä¶ https://t.co/qbKvRbdN46"
999684861706342400,2018-05-24 16:13:38 +0000,Str8DonLemon,"Your a CIVIL RIGHTS lawyer?

Kim gardner indicted a man without evidence or probable cause and avoid using the poli‚Ä¶ https://t.co/kUpCrMFlrR"
999684636832870400,2018-05-24 16:12:45 +0000,quizquest,"RT @conradchaffee: Some senators seem unclear about what happened today. 

Senator Gardner (R-CO): ""I hope the North Korean people und‚Ä¶ https://t.co/qbKvRbdN46"
999684367139180544,2018-05-24 16:11:41 +0000,alihmourad,"Ignorant #GOP senators are just another proof who's running #US foreign policy:
- Senator Gardner (R-CO): ""I hope t‚Ä¶ https://t.co/x8CPH6JAfw"
999684300537843712,2018-05-24 16:11:25 +0000,sachasayan,"RT @conradchaffee: Some senators seem unclear about what happened today. 

Senator Gardner (R-CO): ""I hope the North Korean people und‚Ä¶ https://t.co/qbKvRbdN46"
999684237916651521,2018-05-24 16:11:10 +0000,kristarchy,"RT @conradchaffee: Some senators seem unclear about what happened today. 

Senator Gardner (R-CO): ""I hope the North Korean people und‚Ä¶ https://t.co/qbKvRbdN46"
999684227003187202,2018-05-24 16:11:07 +0000,ziadramley,"RT @conradchaffee: Some senators seem unclear about what happened today. 

Senator Gardner (R-CO): ""I hope the North Korean people und‚Ä¶ https://t.co/qbKvRbdN46"
999684182262493185,2018-05-24 16:10:56 +0000,smart_hillbilly,"RT @magathemaga1: CONFIRMED: FBI investigating $120,000 cash payments made by corrupt West Butler County Hillbilly to #MoneyBagsAl at‚Ä¶ https://t.co/P4GpWAXRBE"
999684178999328769,2018-05-24 16:10:56 +0000,IniquitousFish,"RT @conradchaffee: Some senators seem unclear about what happened today. 

Senator Gardner (R-CO): ""I hope the North Korean people und‚Ä¶ https://t.co/qbKvRbdN46"
999684168933093376,2018-05-24 16:10:53 +0000,scarlettb1,"RT @conradchaffee: Some senators seem unclear about what happened today. 

Senator Gardner (R-CO): ""I hope the North Korean people und‚Ä¶ https://t.co/qbKvRbdN46"
999683913005092864,2018-05-24 16:09:52 +0000,quiggy,"RT @conradchaffee: Some senators seem unclear about what happened today. 

Senator Gardner (R-CO): ""I hope the North Korean people und‚Ä¶ https://t.co/qbKvRbdN46"
999683839608918016,2018-05-24 16:09:35 +0000,aexia,"RT @conradchaffee: Some senators seem unclear about what happened today. 

Senator Gardner (R-CO): ""I hope the North Korean people und‚Ä¶ https://t.co/qbKvRbdN46"
999683822873595907,2018-05-24 16:09:31 +0000,dustrock,"RT @conradchaffee: Some senators seem unclear about what happened today. 

Senator Gardner (R-CO): ""I hope the North Korean people und‚Ä¶ https://t.co/qbKvRbdN46"
999683714643832832,2018-05-24 16:09:05 +0000,jdmnd4,"RT @conradchaffee: Some senators seem unclear about what happened today. 

Senator Gardner (R-CO): ""I hope the North Korean people und‚Ä¶ https://t.co/qbKvRbdN46"
999683369486209024,2018-05-24 16:07:43 +0000,knraki,"RT @conradchaffee: Some senators seem unclear about what happened today. 

Senator Gardner (R-CO): ""I hope the North Korean people und‚Ä¶ https://t.co/qbKvRbdN46"
999683319401984000,2018-05-24 16:07:31 +0000,MarcBMoore1,"RT @conradchaffee: Some senators seem unclear about what happened today. 

Senator Gardner (R-CO): ""I hope the North Korean people und‚Ä¶ https://t.co/qbKvRbdN46"
999683162006540288,2018-05-24 16:06:53 +0000,magathemaga1,"CONFIRMED: FBI investigating $120,000 cash payments made by corrupt West Butler County Hillbilly to #MoneyBagsAl at‚Ä¶ https://t.co/P4GpWAXRBE"
999683081824079873,2018-05-24 16:06:34 +0000,kmhaines,"RT @conradchaffee: Some senators seem unclear about what happened today. 

Senator Gardner (R-CO): ""I hope the North Korean people und‚Ä¶ https://t.co/qbKvRbdN46"
999683065357131778,2018-05-24 16:06:30 +0000,LynnDee227,"RT @conradchaffee: Some senators seem unclear about what happened today. 

Senator Gardner (R-CO): ""I hope the North Korean people und‚Ä¶ https://t.co/qbKvRbdN46"
999683017034649602,2018-05-24 16:06:19 +0000,rabidbadger,"RT @conradchaffee: Some senators seem unclear about what happened today. 

Senator Gardner (R-CO): ""I hope the North Korean people und‚Ä¶ https://t.co/qbKvRbdN46"
999683016879366145,2018-05-24 16:06:19 +0000,theGOAPT,"RT @conradchaffee: Some senators seem unclear about what happened today. 

Senator Gardner (R-CO): ""I hope the North Korean people und‚Ä¶ https://t.co/qbKvRbdN46"
999682956846424064,2018-05-24 16:06:04 +0000,RichardEStark,"RT @conradchaffee: Some senators seem unclear about what happened today. 

Senator Gardner (R-CO): ""I hope the North Korean people und‚Ä¶ https://t.co/qbKvRbdN46"
999682910486593536,2018-05-24 16:05:53 +0000,rowast,"RT @conradchaffee: Some senators seem unclear about what happened today. 

Senator Gardner (R-CO): ""I hope the North Korean people und‚Ä¶ https://t.co/qbKvRbdN46"
999682886012829696,2018-05-24 16:05:47 +0000,ThCl_China,"RT @conradchaffee: Some senators seem unclear about what happened today. 

Senator Gardner (R-CO): ""I hope the North Korean people und‚Ä¶ https://t.co/qbKvRbdN46"
999682807147433984,2018-05-24 16:05:29 +0000,joshgreenman,"RT @conradchaffee: Some senators seem unclear about what happened today. 

Senator Gardner (R-CO): ""I hope the North Korean people und‚Ä¶ https://t.co/qbKvRbdN46"
999682797991317505,2018-05-24 16:05:26 +0000,RonaldWimer,"RT @conradchaffee: Some senators seem unclear about what happened today. 

Senator Gardner (R-CO): ""I hope the North Korean people und‚Ä¶ https://t.co/qbKvRbdN46"
999682790982602753,2018-05-24 16:05:25 +0000,GraellsiaMoon,"RT @conradchaffee: Some senators seem unclear about what happened today. 

Senator Gardner (R-CO): ""I hope the North Korean people und‚Ä¶ https://t.co/qbKvRbdN46"
999682734132899842,2018-05-24 16:05:11 +0000,rmwaldo,"RT @conradchaffee: Some senators seem unclear about what happened today. 

Senator Gardner (R-CO): ""I hope the North Korean people und‚Ä¶ https://t.co/qbKvRbdN46"
999682720816095232,2018-05-24 16:05:08 +0000,TheKarlWLewis,"RT @conradchaffee: Some senators seem unclear about what happened today. 

Senator Gardner (R-CO): ""I hope the North Korean people und‚Ä¶ https://t.co/qbKvRbdN46"
999682708442943488,2018-05-24 16:05:05 +0000,ColdWarScience,"RT @conradchaffee: Some senators seem unclear about what happened today. 

Senator Gardner (R-CO): ""I hope the North Korean people und‚Ä¶ https://t.co/qbKvRbdN46"
999682691107835906,2018-05-24 16:05:01 +0000,gerbs121,"RT @conradchaffee: Some senators seem unclear about what happened today. 

Senator Gardner (R-CO): ""I hope the North Korean people und‚Ä¶ https://t.co/qbKvRbdN46"
999682677891588096,2018-05-24 16:04:58 +0000,ephygee,"RT @conradchaffee: Some senators seem unclear about what happened today. 

Senator Gardner (R-CO): ""I hope the North Korean people und‚Ä¶ https://t.co/qbKvRbdN46"
999682605929902080,2018-05-24 16:04:41 +0000,KleinGilb,"RT @conradchaffee: Some senators seem unclear about what happened today. 

Senator Gardner (R-CO): ""I hope the North Korean people und‚Ä¶ https://t.co/qbKvRbdN46"
999682579207999492,2018-05-24 16:04:34 +0000,MichDemers,"RT @conradchaffee: Some senators seem unclear about what happened today. 

Senator Gardner (R-CO): ""I hope the North Korean people und‚Ä¶ https://t.co/qbKvRbdN46"
999682544550449153,2018-05-24 16:04:26 +0000,morepeace2017,"RT @conradchaffee: Some senators seem unclear about what happened today. 

Senator Gardner (R-CO): ""I hope the North Korean people und‚Ä¶ https://t.co/qbKvRbdN46"
999682455442468865,2018-05-24 16:04:05 +0000,trmulvey,"RT @conradchaffee: Some senators seem unclear about what happened today. 

Senator Gardner (R-CO): ""I hope the North Korean people und‚Ä¶ https://t.co/qbKvRbdN46"
999682449335611392,2018-05-24 16:04:03 +0000,Pdhenderson1,"RT @conradchaffee: Some senators seem unclear about what happened today. 

Senator Gardner (R-CO): ""I hope the North Korean people und‚Ä¶ https://t.co/qbKvRbdN46"
999682415491780608,2018-05-24 16:03:55 +0000,TomNamako,"RT @conradchaffee: Some senators seem unclear about what happened today. 

Senator Gardner (R-CO): ""I hope the North Korean people und‚Ä¶ https://t.co/qbKvRbdN46"
999682402799599617,2018-05-24 16:03:52 +0000,Celeste_pewter,"RT @conradchaffee: Some senators seem unclear about what happened today. 

Senator Gardner (R-CO): ""I hope the North Korean people und‚Ä¶ https://t.co/qbKvRbdN46"
999682382969036801,2018-05-24 16:03:47 +0000,JetScoozr77,"RT @conradchaffee: Some senators seem unclear about what happened today. 

Senator Gardner (R-CO): ""I hope the North Korean people und‚Ä¶ https://t.co/qbKvRbdN46"
999682372403593216,2018-05-24 16:03:45 +0000,grace_c_liu,"RT @conradchaffee: Some senators seem unclear about what happened today. 

Senator Gardner (R-CO): ""I hope the North Korean people und‚Ä¶ https://t.co/qbKvRbdN46"
999682368226152449,2018-05-24 16:03:44 +0000,NOLADuchess,"RT @conradchaffee: Some senators seem unclear about what happened today. 

Senator Gardner (R-CO): ""I hope the North Korean people und‚Ä¶ https://t.co/qbKvRbdN46"
999682256372289536,2018-05-24 16:03:17 +0000,cueninja,"RT @conradchaffee: Some senators seem unclear about what happened today. 

Senator Gardner (R-CO): ""I hope the North Korean people und‚Ä¶ https://t.co/qbKvRbdN46"
999681102779506688,2018-05-24 15:58:42 +0000,Str8DonLemon,"Is he not?

Kim gardner indicted him without evidence and lied to the GJ about evidence she had 

You are a civil r‚Ä¶ https://t.co/iekxUiAG3d"
999675184108965888,2018-05-24 15:35:11 +0000,conradchaffee,"Some senators seem unclear about what happened today. 

Senator Gardner (R-CO): ""I hope the North Korean people und‚Ä¶ https://t.co/qbKvRbdN46"
999669921708732416,2018-05-24 15:14:16 +0000,MConsuella,RT @TearsInHeaven09: Kim didn't walk away Gardner!! Trump did...TODAY. #Pompeo
999669431130259457,2018-05-24 15:12:19 +0000,2kibber13,RT @ChadPergram: GOP CO Sen Gardner on Trump canceling the NKorea summit: We must double down on our strategy of maximum pressure an‚Ä¶ https://t.co/CHiNSe1Fs6
999669040963575808,2018-05-24 15:10:46 +0000,ghostofhypotia,RT @NidaKhanNY: Sen. Gardner (R of course) just said Kim Jong Un walked away from an opportunity..
999666986681602049,2018-05-24 15:02:37 +0000,Sharouny,RT @ChadPergram: GOP CO Sen Gardner on Trump canceling the NKorea summit: We must double down on our strategy of maximum pressure an‚Ä¶ https://t.co/CHiNSe1Fs6
999666508727910404,2018-05-24 15:00:43 +0000,Peabots13,RT @TearsInHeaven09: Kim didn't walk away Gardner!! Trump did...TODAY. #Pompeo
999665797202104320,2018-05-24 14:57:53 +0000,KDavCor,RT @TearsInHeaven09: Kim didn't walk away Gardner!! Trump did...TODAY. #Pompeo
999664572373131265,2018-05-24 14:53:01 +0000,DrilEfdee,RT @ChadPergram: GOP CO Sen Gardner on Trump canceling the NKorea summit: We must double down on our strategy of maximum pressure an‚Ä¶ https://t.co/CHiNSe1Fs6
999664491439775744,2018-05-24 14:52:42 +0000,donna_gardner,"RT @USMCH8Trump: So the BULLY Trump, who referred to Kim Jong Un as ""Little Rocketman"" and sent the most controversial Tweets in the‚Ä¶ https://t.co/Z6xTJhhghp"
999664460158717953,2018-05-24 14:52:34 +0000,MattMurph24,RT @NidaKhanNY: Sen. Gardner (R of course) just said Kim Jong Un walked away from an opportunity..
999664168033714176,2018-05-24 14:51:25 +0000,NidaKhanNY,Sen. Gardner (R of course) just said Kim Jong Un walked away from an opportunity..
999664146831437825,2018-05-24 14:51:20 +0000,TearsInHeaven09,Kim didn't walk away Gardner!! Trump did...TODAY. #Pompeo
999663471598981120,2018-05-24 14:48:39 +0000,HEINSLERJAN,Sen. Gardner is acting like it Was President Kim who pulled out of the talks.
999663155570757633,2018-05-24 14:47:23 +0000,npenzenstadler,"Sen. Gardner already spinning Kim ""walking away from the summit"" - I don't think that's exactly what happened."
999663116177715200,2018-05-24 14:47:14 +0000,adam47458958,RT @ChadPergram: GOP CO Sen Gardner on Trump canceling the NKorea summit: We must double down on our strategy of maximum pressure an‚Ä¶ https://t.co/CHiNSe1Fs6
999662948183433217,2018-05-24 14:46:34 +0000,donna_gardner,"RT @jefftiedrich: a doddering old fool announced a hastily-planned summit with Kim Jong Un, awarded himself the Nobel Peace Prize and‚Ä¶ https://t.co/RvISCHcBgM"
999659331242135552,2018-05-24 14:32:11 +0000,DanRiehl,RT @ChadPergram: GOP CO Sen Gardner on Trump canceling the NKorea summit: We must double down on our strategy of maximum pressure an‚Ä¶ https://t.co/CHiNSe1Fs6
999658508919365633,2018-05-24 14:28:55 +0000,Trader_Moe,RT @ChadPergram: GOP CO Sen Gardner on Trump canceling the NKorea summit: We must double down on our strategy of maximum pressure an‚Ä¶ https://t.co/CHiNSe1Fs6
999657338469601280,2018-05-24 14:24:16 +0000,ThunderB,RT @ChadPergram: GOP CO Sen Gardner on Trump canceling the NKorea summit: We must double down on our strategy of maximum pressure an‚Ä¶ https://t.co/CHiNSe1Fs6
999656802223607808,2018-05-24 14:22:09 +0000,RoKeT_gal,RT @ChadPergram: GOP CO Sen Gardner on Trump canceling the NKorea summit: We must double down on our strategy of maximum pressure an‚Ä¶ https://t.co/CHiNSe1Fs6
999656373410508802,2018-05-24 14:20:26 +0000,ChadPergram,GOP CO Sen Gardner on Trump canceling the NKorea summit: We must double down on our strategy of maximum pressure an‚Ä¶ https://t.co/CHiNSe1Fs6
999653381391216640,2018-05-24 14:08:33 +0000,VisioDeiFromLA,"Kim Gardner aka #KimShady in #StLouis 

And yes I agree. Even the charges liars absurd. They posted memes allegedly‚Ä¶ https://t.co/7c58amf5B8"
999652567838736385,2018-05-24 14:05:19 +0000,MargaretTrucks,"RT @puckroger: @CStamper_ Scott Faughn,the corrupt media member who hand delivered $120,000 dollars cash to the lawyer now admits‚Ä¶ https://t.co/NQ7w2CVylG"
999651506570825728,2018-05-24 14:01:06 +0000,VisioDeiFromLA,"RT @puckroger: @CStamper_ Scott Faughn,the corrupt media member who hand delivered $120,000 dollars cash to the lawyer now admits‚Ä¶ https://t.co/NQ7w2CVylG"
999637512007102465,2018-05-24 13:05:29 +0000,SKOLBLUE1,"RT @YearOfZero: @EricGreitens is innocent!

Great ad showing what soros and #KimShady have been up to! 

Now we just need a video e‚Ä¶ https://t.co/n8ai1vqJsn"
999615432184254465,2018-05-24 11:37:45 +0000,Markknight45,RT @Avenge_mypeople: Get an attorney Kim Gardner. You're gonna need one. https://t.co/q2tHkfcgCG
999604866489217024,2018-05-24 10:55:46 +0000,Avenge_mypeople,Get an attorney Kim Gardner. You're gonna need one. https://t.co/q2tHkfcgCG
999598503134363648,2018-05-24 10:30:29 +0000,RightSideUp313,"RT @YearOfZero: @EricGreitens is innocent!

Great ad showing what soros and #KimShady have been up to! 

Now we just need a video e‚Ä¶ https://t.co/n8ai1vqJsn"
999590591032971264,2018-05-24 09:59:03 +0000,fjswartz,"RT @YearOfZero: @EricGreitens is innocent!

Great ad showing what soros and #KimShady have been up to! 

Now we just need a video e‚Ä¶ https://t.co/n8ai1vqJsn"
999534081481330688,2018-05-24 06:14:30 +0000,Bdragon1984,"RT @YearOfZero: @EricGreitens is innocent!

Great ad showing what soros and #KimShady have been up to! 

Now we just need a video e‚Ä¶ https://t.co/n8ai1vqJsn"
999532446990438400,2018-05-24 06:08:00 +0000,magathemaga1,"RT @YearOfZero: @EricGreitens is innocent!

Great ad showing what soros and #KimShady have been up to! 

Now we just need a video e‚Ä¶ https://t.co/n8ai1vqJsn"
999517912124788737,2018-05-24 05:10:15 +0000,ResignNowKim,"RT @YearOfZero: @EricGreitens is innocent!

Great ad showing what soros and #KimShady have been up to! 

Now we just need a video e‚Ä¶ https://t.co/n8ai1vqJsn"
999514722524368896,2018-05-24 04:57:34 +0000,Hope4Hopeless1,"RT @YearOfZero: @EricGreitens is innocent!

Great ad showing what soros and #KimShady have been up to! 

Now we just need a video e‚Ä¶ https://t.co/n8ai1vqJsn"
999506578507104257,2018-05-24 04:25:12 +0000,sudischuricht,"RT @YearOfZero: @EricGreitens is innocent!

Great ad showing what soros and #KimShady have been up to! 

Now we just need a video e‚Ä¶ https://t.co/n8ai1vqJsn"
999504619091869696,2018-05-24 04:17:25 +0000,sigi_hill,"RT @YearOfZero: @EricGreitens is innocent!

Great ad showing what soros and #KimShady have been up to! 

Now we just need a video e‚Ä¶ https://t.co/n8ai1vqJsn"
999504292934504448,2018-05-24 04:16:07 +0000,Neilin1Neil,"RT @YearOfZero: @EricGreitens is innocent!

Great ad showing what soros and #KimShady have been up to! 

Now we just need a video e‚Ä¶ https://t.co/n8ai1vqJsn"
999504205978198016,2018-05-24 04:15:47 +0000,VisioDeiFromLA,"RT @YearOfZero: @EricGreitens is innocent!

Great ad showing what soros and #KimShady have been up to! 

Now we just need a video e‚Ä¶ https://t.co/n8ai1vqJsn"
999502721895067648,2018-05-24 04:09:53 +0000,Ijames2018,"RT @YearOfZero: @EricGreitens is innocent!

Great ad showing what soros and #KimShady have been up to! 

Now we just need a video e‚Ä¶ https://t.co/n8ai1vqJsn"
999501371996102657,2018-05-24 04:04:31 +0000,YearOfZero,"RT @YearOfZero: @EricGreitens is innocent!

Great ad showing what soros and #KimShady have been up to! 

Now we just need a video e‚Ä¶ https://t.co/n8ai1vqJsn"
999501227573563392,2018-05-24 04:03:57 +0000,YearOfZero,"@EricGreitens is innocent!

Great ad showing what soros and #KimShady have been up to! 

Now we just need a video e‚Ä¶ https://t.co/n8ai1vqJsn"
999495656833142785,2018-05-24 03:41:48 +0000,famousmagacom,RT @celebritykimdot: Georgie Gardner gets teary on Today Show https://t.co/t7sND6J1D5
999495654295592960,2018-05-24 03:41:48 +0000,magazinbirbak,RT @celebritykimdot: Georgie Gardner gets teary on Today Show https://t.co/t7sND6J1D5
999484587649785856,2018-05-24 02:57:49 +0000,AllenKranawett1,@CStamper_ Kim Gardner needs to quit now. Thank God I don't live in the city limits of st Louis. But I do work downtown
999476737280020480,2018-05-24 02:26:38 +0000,VisioDeiFromLA,"@cawleykl @Steve3449 @CaseyNolen SOROS BOUGHT KIM GARDNER FACT 

Both parties in house colluded with KG to bring fa‚Ä¶ https://t.co/S3H1x2AYU3"
999463417684594688,2018-05-24 01:33:42 +0000,jstriebel22,@ljordann9 @RandyAlberhasky @ws_missouri It was not dismissed. The charge was dropped because Kim Gardner was calle‚Ä¶ https://t.co/lzXCVduARK
999456825467719680,2018-05-24 01:07:30 +0000,spurredscout,"RT @VisioDeiFromLA: @RealTravisCook Yeah ... remember what stacey Newman was colluding with Kim Gardner and the ""mo house leadership""‚Ä¶ https://t.co/vGTky1I3XU"
999448926422876160,2018-05-24 00:36:07 +0000,tkinder,"RT @puckroger: @CStamper_ Scott Faughn,the corrupt media member who hand delivered $120,000 dollars cash to the lawyer now admits‚Ä¶ https://t.co/NQ7w2CVylG"
999438410162036737,2018-05-23 23:54:20 +0000,ljordann9,@RandyAlberhasky @ws_missouri So why was Kim Gardner's invasion of privacy case dismissed then?
999426721693749250,2018-05-23 23:07:53 +0000,Dave13593715,"RT @puckroger: @CStamper_ Scott Faughn,the corrupt media member who hand delivered $120,000 dollars cash to the lawyer now admits‚Ä¶ https://t.co/NQ7w2CVylG"
999416407510212608,2018-05-23 22:26:54 +0000,LdicassioLorri,"RT @puckroger: @CStamper_ Scott Faughn,the corrupt media member who hand delivered $120,000 dollars cash to the lawyer now admits‚Ä¶ https://t.co/NQ7w2CVylG"
999415144345231360,2018-05-23 22:21:53 +0000,WhisperingMissy,"RT @puckroger: @CStamper_ Scott Faughn,the corrupt media member who hand delivered $120,000 dollars cash to the lawyer now admits‚Ä¶ https://t.co/NQ7w2CVylG"
999415073314607110,2018-05-23 22:21:36 +0000,RJFerryJr,"RT @puckroger: @CStamper_ Scott Faughn,the corrupt media member who hand delivered $120,000 dollars cash to the lawyer now admits‚Ä¶ https://t.co/NQ7w2CVylG"
999415017941487622,2018-05-23 22:21:23 +0000,magathemaga1,"RT @puckroger: @CStamper_ Scott Faughn,the corrupt media member who hand delivered $120,000 dollars cash to the lawyer now admits‚Ä¶ https://t.co/NQ7w2CVylG"
999406349493694464,2018-05-23 21:46:56 +0000,puckroger,"@CStamper_ Scott Faughn,the corrupt media member who hand delivered $120,000 dollars cash to the lawyer now admits‚Ä¶ https://t.co/NQ7w2CVylG"
999405167773597697,2018-05-23 21:42:14 +0000,Near_Chaos,"RT @Cryptomoon6: @Near_Chaos Everything you say is true, and also going on in St Louis. Check how our Circuit Attorney Kim Gardner i‚Ä¶ https://t.co/JoD9AcOb6K"
999395615803981825,2018-05-23 21:04:17 +0000,MBersin,"Missouri House Special Investigative Committee on Oversight - hearing live stream
Scott Faughn - spoke briefly with‚Ä¶ https://t.co/dGGDvOyfQJ"
999395493187796993,2018-05-23 21:03:48 +0000,Str8DonLemon,"The only person who may have victimized her is Crooked Kim Gardner aka #kimshady or her ex husband.

The affair was‚Ä¶ https://t.co/WCrZpqvY5T"
999393483097100288,2018-05-23 20:55:48 +0000,Cryptomoon6,"@Near_Chaos Everything you say is true, and also going on in St Louis. Check how our Circuit Attorney Kim Gardner i‚Ä¶ https://t.co/JoD9AcOb6K"
999325998100467712,2018-05-23 16:27:39 +0000,VisioDeiFromLA,@brwskitime @JackPosobiec No. There was another rumor a while back that the fbi was also investigating kim Gardner‚Ä¶ https://t.co/RlntgLtr8Z
999315367783817216,2018-05-23 15:45:24 +0000,handsupdontshoo,"""Circuit Attorney Kim Gardner has made friends and enemies alike in her steadfast efforts to prosecute a conservati‚Ä¶ https://t.co/KrnGJQ0XFb"
999310901173018626,2018-05-23 15:27:39 +0000,spurredscout,"RT @Sticknstones4: @andybankertv @FOX2now @stlcao @KPLR11 @EricGreitens Im pleased to say Kim Gardner is a moron , where are her belie‚Ä¶ https://t.co/OqKA5vtEIW"
999308623896563712,2018-05-23 15:18:36 +0000,ResignNowKim,"RT @Sticknstones4: @andybankertv @FOX2now @stlcao @KPLR11 @EricGreitens Im pleased to say Kim Gardner is a moron , where are her belie‚Ä¶ https://t.co/OqKA5vtEIW"
999253380773089280,2018-05-23 11:39:05 +0000,stlhiphop,"""Circuit Attorney Kim Gardner has made friends and enemies alike in her steadfast efforts to prosecute a conservati‚Ä¶ https://t.co/MKv1sz5g20"
999253179798867969,2018-05-23 11:38:17 +0000,bgyrl4life,"""Circuit Attorney Kim Gardner has made friends and enemies alike in her steadfast efforts to prosecute a conservati‚Ä¶ https://t.co/HxnkW3qNdk"
999202773538426880,2018-05-23 08:18:00 +0000,VisioDeiFromLA,@StephenLimbaugh @ali @JW1057 @EricGreitens But they realized people who actually know what‚Äôs going on and are in t‚Ä¶ https://t.co/qqocmxRWkT
999166027190616064,2018-05-23 05:51:59 +0000,ConstanMGri,"RT @EricGreitens: Circuit Attorney Kim Gardner hid a video that she knew directly contradicted allegations in the House report, and s‚Ä¶ https://t.co/6PXWgBCeic"
999106024094154752,2018-05-23 01:53:33 +0000,KAW710CO,"@kay_ringler @NBCNews More importantly, what is the motive of Kim Gardner in her role as attorney, and what is the‚Ä¶ https://t.co/v7wsomlFVO"
999102064637624320,2018-05-23 01:37:49 +0000,KAW710CO,@NBCNews The case fell apart when Kim Gardner failed to produce the photo.
999058425257578496,2018-05-22 22:44:24 +0000,RoryFleming8A,"@tcita I was sick to my stomach to see this. Naturally, MO's state government removed STL City Prosecutor Kim Gardn‚Ä¶ https://t.co/xiBUrvsEiv"
999024687014465536,2018-05-22 20:30:21 +0000,donna_gardner,RT @CecileRichards: So what happens to the White House Trump & Kim Jong Un souvenir medals now?
999021821201715202,2018-05-22 20:18:57 +0000,AlreadyTooRich,@HawleyMO @BretBaier @FoxNews @MattFinnFNC (3) started under false pretenses (Mueller) being run by those with prof‚Ä¶ https://t.co/010IeoBcrN
999007767989051392,2018-05-22 19:23:07 +0000,magathemaga1,RT @EdBigCon: @J_Hancock Ask @jaybarnes5 how he got the names of P.S. and K.S. ? Sounds like there was some collusion from Kim Gardner‚Äôs side. #moleg
998995883931914240,2018-05-22 18:35:53 +0000,VisioDeiFromLA,RT @EdBigCon: @J_Hancock Ask @jaybarnes5 how he got the names of P.S. and K.S. ? Sounds like there was some collusion from Kim Gardner‚Äôs side. #moleg
998992555852423168,2018-05-22 18:22:40 +0000,EdBigCon,@J_Hancock Ask @jaybarnes5 how he got the names of P.S. and K.S. ? Sounds like there was some collusion from Kim Gardner‚Äôs side. #moleg
998985572755628032,2018-05-22 17:54:55 +0000,AndrewHavKY3,"Rep. Kevin Austin is now reading the role of ‚ÄúKS‚Äù 

Rep. Mitten is reading for STL Circuit Attorney Kim Gardner.‚Ä¶ https://t.co/gWE4tLvQcj"
998982706477268998,2018-05-22 17:43:32 +0000,Kaybirds,"RT @HennessySTL: Now, that crooked Kim Gardner dropped fraudulent charges, it‚Äôs time for the people to take down the crooks trying t‚Ä¶ https://t.co/pJbauFeVoy"
998981257005555716,2018-05-22 17:37:46 +0000,AndrewHavKY3,Rep. Don Phillips is reading the role of St. Louis Circuit Attny Kim Gardner. Rep. Gina Mitten is reading the respo‚Ä¶ https://t.co/aMjhM3uHxH
998979713426182144,2018-05-22 17:31:38 +0000,SorosInSTL,"RT @Str8DonLemon: Seems to be the theme ""wring her hands"" 

Thays whay the tax credit scammers are going with tonight.

She flat out‚Ä¶ https://t.co/TvpMbUz7uu"
998976763211452421,2018-05-22 17:19:55 +0000,cigar_hoe,RT @BigBadReporter: @JW1057 @RealTravisCook @blackwidow07 @Markknight45 @magathemaga1 @VisioDeiFromLA @Avenge_mypeople @grcfay‚Ä¶ https://t.co/zpccXfU4A9
998963652970639362,2018-05-22 16:27:49 +0000,Avenge_mypeople,RT @BigBadReporter: @JW1057 @RealTravisCook @blackwidow07 @Markknight45 @magathemaga1 @VisioDeiFromLA @Avenge_mypeople @grcfay‚Ä¶ https://t.co/zpccXfU4A9
998962831918817281,2018-05-22 16:24:33 +0000,ThumperFLTRX,RT @BigBadReporter: @JW1057 @RealTravisCook @blackwidow07 @Markknight45 @magathemaga1 @VisioDeiFromLA @Avenge_mypeople @grcfay‚Ä¶ https://t.co/zpccXfU4A9
998960547558129665,2018-05-22 16:15:28 +0000,joel_capizzi,RT @BigBadReporter: @JW1057 @RealTravisCook @blackwidow07 @Markknight45 @magathemaga1 @VisioDeiFromLA @Avenge_mypeople @grcfay‚Ä¶ https://t.co/zpccXfU4A9
998958449261142016,2018-05-22 16:07:08 +0000,BigBadReporter,@JW1057 @RealTravisCook @blackwidow07 @Markknight45 @magathemaga1 @VisioDeiFromLA @Avenge_mypeople @grcfay‚Ä¶ https://t.co/zpccXfU4A9
998944840888082432,2018-05-22 15:13:04 +0000,stlouisbiz,Prosecuting Attorney of Jackson County Jean Peters Baker has been selected by St. Louis Circuit Attorney Kim Gardne‚Ä¶ https://t.co/biLsFEdafg
998936906040791042,2018-05-22 14:41:32 +0000,StevenDialTV,RT @AbbyLlorico: .@EricGreitens atty Jack Garvey on the appointment of a special prosecutor to handle the invasion of privacy case a‚Ä¶ https://t.co/34BJJz0SJz
998936523637706752,2018-05-22 14:40:01 +0000,ChrisDavisMMJ,RT @AbbyLlorico: .@EricGreitens atty Jack Garvey on the appointment of a special prosecutor to handle the invasion of privacy case a‚Ä¶ https://t.co/34BJJz0SJz
998936284486950912,2018-05-22 14:39:04 +0000,TrumpChess,"RT @Str8DonLemon: Seems to be the theme ""wring her hands"" 

Thays whay the tax credit scammers are going with tonight.

She flat out‚Ä¶ https://t.co/TvpMbUz7uu"
998935562160664578,2018-05-22 14:36:12 +0000,ksdknews,RT @AbbyLlorico: .@EricGreitens atty Jack Garvey on the appointment of a special prosecutor to handle the invasion of privacy case a‚Ä¶ https://t.co/34BJJz0SJz
998935535589654528,2018-05-22 14:36:05 +0000,AbbyLlorico,.@EricGreitens atty Jack Garvey on the appointment of a special prosecutor to handle the invasion of privacy case a‚Ä¶ https://t.co/34BJJz0SJz
998930197469646848,2018-05-22 14:14:52 +0000,JohnGromowsky,"If, in fact, @StLouisCityCA Kim Gardner publicly commented on the credibility of a complaining witness, she needs t‚Ä¶ https://t.co/JmtLcOzpf9"
998907026016227330,2018-05-22 12:42:48 +0000,Markknight45,RT @MSTLGA: @ksdknews Can not testify to a phone !   Kim Gardner should have stopped right there .   There is nothing but wasted take dollars
998904379930443776,2018-05-22 12:32:17 +0000,ResignNowKim,RT @MSTLGA: @ksdknews Can not testify to a phone !   Kim Gardner should have stopped right there .   There is nothing but wasted take dollars
998904037050331136,2018-05-22 12:30:55 +0000,MSTLGA,@ksdknews Can not testify to a phone !   Kim Gardner should have stopped right there .   There is nothing but wasted take dollars
998895483908247553,2018-05-22 11:56:56 +0000,eclark23,@KMOV Is the special prosecutor also going to consider the violations that Kim Gardner committed?  That woman shoul‚Ä¶ https://t.co/ksGgVm4CWL
998866082306904064,2018-05-22 10:00:06 +0000,stlouisbiz,"Earlier Monday, Judge Rex Burlison said Circuit Attorney Kim Gardner could not be involved in the investigation bey‚Ä¶ https://t.co/nmOBKqGfSJ"
998839665250598913,2018-05-22 08:15:08 +0000,giovannaroberto,"RT @Str8DonLemon: Seems to be the theme ""wring her hands"" 

Thays whay the tax credit scammers are going with tonight.

She flat out‚Ä¶ https://t.co/TvpMbUz7uu"
998822634384175104,2018-05-22 07:07:27 +0000,TheSTLScoop,Circuit Attorney Kim Gardner's office was barred Monday from any involvement in re-filing invasion of privacy charg‚Ä¶ https://t.co/nAGBSng2Pb
998819681476796416,2018-05-22 06:55:43 +0000,Str8DonLemon,"Seems to be the theme ""wring her hands"" 

Thays whay the tax credit scammers are going with tonight.

She flat out‚Ä¶ https://t.co/TvpMbUz7uu"
998788466317053953,2018-05-22 04:51:41 +0000,sigi_hill,@AlishaShurr Check out Kim Gardner's $120.000 to useless non-MO accredited   investigators/consultants instead of u‚Ä¶ https://t.co/lJf4wTlM2V
998784999741587458,2018-05-22 04:37:55 +0000,Joey_Rocco,@johnrhancock At first I thought it was a witch hunt but his preachy smugness since the charges were dropped has ch‚Ä¶ https://t.co/IrX1R53n7C
998780249549688832,2018-05-22 04:19:02 +0000,sigi_hill,"RT @VisioDeiFromLA: What about Kim gardner indicting without evidence, lying to a grand jury, and then keeping the clown show going at‚Ä¶ https://t.co/t6NnFThh4X"
998779203809103872,2018-05-22 04:14:53 +0000,Lautergeist,RT @Sticknstones4: @RealTravisCook @blackwidow07 @Markknight45 @magathemaga1 @VisioDeiFromLA @Avenge_mypeople @grcfay @EricGreitens‚Ä¶ https://t.co/2O4xUuNixn
998778756532654080,2018-05-22 04:13:06 +0000,sigi_hill,"RT @bridgetp1961: @Sticknstones4 I can't wait to see this list.  Didn't I read Mike Parsons, Jay Barnes, and Kim Gardner all received‚Ä¶ https://t.co/m9CbDYXx4f"
998777254518968320,2018-05-22 04:07:08 +0000,Sticknstones4,@RealTravisCook @blackwidow07 @Markknight45 @magathemaga1 @VisioDeiFromLA @Avenge_mypeople @grcfay @EricGreitens‚Ä¶ https://t.co/2O4xUuNixn
998774800406413317,2018-05-22 03:57:23 +0000,VisioDeiFromLA,"@RealTravisCook Yeah ... remember what stacey Newman was colluding with Kim Gardner and the ""mo house leadership""‚Ä¶ https://t.co/vGTky1I3XU"
998774464350425089,2018-05-22 03:56:03 +0000,VisioDeiFromLA,And she also said her memory wasnt reliable ... just fyi... so is she admitting she lied to Kim Gardner then?‚Ä¶ https://t.co/Jkn6cmgQJQ
998765909098549248,2018-05-22 03:22:03 +0000,Margare03880660,"RT @bridgetp1961: @Sticknstones4 I can't wait to see this list.  Didn't I read Mike Parsons, Jay Barnes, and Kim Gardner all received‚Ä¶ https://t.co/m9CbDYXx4f"
998762356309184512,2018-05-22 03:07:56 +0000,Hope4Hopeless1,"RT @bridgetp1961: @Sticknstones4 I can't wait to see this list.  Didn't I read Mike Parsons, Jay Barnes, and Kim Gardner all received‚Ä¶ https://t.co/m9CbDYXx4f"
998756792095014913,2018-05-22 02:45:49 +0000,sigi_hill,@VisioDeiFromLA She can't wipe off the fact of prosecutorial malfeasance by Kim Gardner.
998751831114375174,2018-05-22 02:26:07 +0000,Sticknstones4,"@andybankertv @FOX2now @stlcao @KPLR11 @EricGreitens Im pleased to say Kim Gardner is a moron , where are her belie‚Ä¶ https://t.co/OqKA5vtEIW"
998750547489558533,2018-05-22 02:21:01 +0000,88YahamaKeys,"@Lautergeist Well, she can‚Äôt call on Kim Gardner!  üòÇüòÇ"
998748140550344704,2018-05-22 02:11:27 +0000,adeliahutch,"RT @KRCG13: BREAKING NEWS: @stlcao Kim Gardner files motion to appoint Jean Peters Baker, Jackson County prosecuting attorney,‚Ä¶ https://t.co/1Fnan1M69r"
998738707099279362,2018-05-22 01:33:58 +0000,goldwaterkid65,"RT @VisioDeiFromLA: What about Kim gardner indicting without evidence, lying to a grand jury, and then keeping the clown show going at‚Ä¶ https://t.co/t6NnFThh4X"
998726689537617927,2018-05-22 00:46:12 +0000,wgriffith11,"@fox4kc prosecutor in the felony invasion of privacy case against Gov. Eric  Greitens.  There is no pic, only she s‚Ä¶ https://t.co/ON2HdVBpmz"
998725806166687745,2018-05-22 00:42:42 +0000,kimberly010960,RT @VisioDeiFromLA: @christoferguson Now this implies somebody forced her... who forced her. It wasnt greirens. Kim Gardner? Stacey New‚Ä¶ https://t.co/2hzoUMamtz
998725470802792448,2018-05-22 00:41:22 +0000,kimberly010960,"RT @VisioDeiFromLA: What about Kim gardner indicting without evidence, lying to a grand jury, and then keeping the clown show going at‚Ä¶ https://t.co/t6NnFThh4X"
998724923022594054,2018-05-22 00:39:11 +0000,VisioDeiFromLA,"What about Kim gardner indicting without evidence, lying to a grand jury, and then keeping the clown show going at‚Ä¶ https://t.co/t6NnFThh4X"
998690922257965056,2018-05-21 22:24:05 +0000,feminaveritas,RT @Ptsbrian: Jackson County Prosecutor @jeanpetersbaker will be the special prosecutor in the invasion of privacy case aginst‚Ä¶ https://t.co/4d4MXbGt2e
998690494107586560,2018-05-21 22:22:23 +0000,andybankertv,.@stlcao Kim Gardner announces #Greitens invasion of privacy case NOT dead; Jackson Co prosecutor to serve as Speci‚Ä¶ https://t.co/vIcQqszU8r
998688837160374272,2018-05-21 22:15:48 +0000,BlakeNBC,Special prosecutor named in Missouri Governor Eric Greitens case. Could re-file felony invasion of privacy charge a‚Ä¶ https://t.co/0MoMVMzuai
998678038664634368,2018-05-21 21:32:53 +0000,bruce_weingart,"Hmm, now what does this say about Kim Gardner and her office? Gardner barred from involvement in future Greitens ca‚Ä¶ https://t.co/HnkFZorA0U"
